{"modelVersion":"2.2","previousArtifactVersion":"2.1","id":"LayoutBonitaV8","name":"BonitaLayoutV8","lastUpdate":1627994175651,"rows":[[{"type":"container","dimension":{"xs":12,"sm":12,"md":12,"lg":12},"propertyValues":{"cssClasses":{"type":"constant","value":"layout-header"},"hidden":{"type":"constant","value":false},"repeatedCollection":{"type":"variable","value":""}},"reference":"d865a0db-76a5-4bd0-b707-048aab1b7fd1","hasValidationError":false,"id":"pbContainer","rows":[[{"type":"container","dimension":{"xs":12,"sm":12,"md":12,"lg":12},"propertyValues":{"cssClasses":{"type":"constant","value":"hidden-xs remove-padding-and-margin row-centered"},"hidden":{"type":"constant","value":false},"repeatedCollection":{"type":"variable","value":""}},"reference":"3f8f6bbc-4eb5-4d2a-823b-e61c1aec5713","hasValidationError":false,"id":"pbContainer","rows":[[{"type":"container","dimension":{"xs":2,"sm":2,"md":2,"lg":2},"propertyValues":{"cssClasses":{"type":"constant","value":""},"hidden":{"type":"constant","value":false},"repeatedCollection":{"type":"variable","value":""}},"reference":"8b616148-7afc-4b85-916f-11a15eb2a962","hasValidationError":false,"id":"pbContainer","rows":[[{"type":"component","dimension":{"xs":12,"sm":12,"md":12,"lg":12},"propertyValues":{"cssClasses":{"type":"constant","value":"resized-image"},"hidden":{"type":"expression","value":"application[0].icon !== \"\""},"srcType":{"type":"constant","value":"URL"},"url":{"type":"expression","value":"logoURL"},"assetName":{"type":"constant","value":""},"alt":{"type":"interpolation","value":""}},"reference":"2a0f4509-b5d1-4f69-8746-3d366ce04782","hasValidationError":false,"id":"pbImage"}],[{"type":"component","dimension":{"xs":12,"sm":12,"md":12,"lg":12},"propertyValues":{"cssClasses":{"type":"constant","value":"resized-image"},"hidden":{"type":"expression","value":"application[0].icon === \"\""},"srcType":{"type":"constant","value":"URL"},"url":{"type":"expression","value":"application[0].icon"},"assetName":{"type":"constant"},"alt":{"type":"interpolation"}},"reference":"bca913ec-cdc4-4f18-9c7d-c515aec1b063","hasValidationError":false,"id":"pbImage"}]]},{"type":"component","dimension":{"xs":4,"sm":4,"md":4,"lg":4},"propertyValues":{"cssClasses":{"type":"constant","value":"remove-padding-and-margin app-title"},"hidden":{"type":"expression","value":"!homePage"},"text":{"type":"interpolation","value":"{{applicationCtrl.getApplicationName()}}"},"type":{"type":"constant","value":"page"},"targetUrl":{"type":"constant","value":"http://"},"pageToken":{"type":"expression","value":"homePage.token"},"processName":{"type":"constant"},"processVersion":{"type":"constant"},"taskId":{"type":"constant"},"caseId":{"type":"constant"},"target":{"type":"constant","value":"_self"},"appToken":{"type":"expression","value":"application[0].token"},"urlParams":{"type":"constant"},"alignment":{"type":"constant","value":"left"},"buttonStyle":{"type":"constant","value":"link"}},"reference":"90561f46-80ea-4864-aa7f-5a117aee2bb9","hasValidationError":false,"id":"pbLink"},{"type":"container","dimension":{"xs":5,"sm":5,"md":5,"lg":5},"propertyValues":{"cssClasses":{"type":"constant","value":"remove-padding-and-margin  user-info"},"hidden":{"type":"constant","value":false},"repeatedCollection":{"type":"variable","value":""}},"reference":"8eb3b6b5-0b18-45b2-9591-0e924c6c1c36","hasValidationError":false,"id":"pbContainer","rows":[[{"type":"component","dimension":{"xs":10,"sm":10,"md":10,"lg":10},"propertyValues":{"cssClasses":{"type":"constant","value":"remove-padding-and-margin user-menu user-menu-name"},"hidden":{"type":"expression","value":"isGuestUser"},"disabled":{"type":"constant","value":false},"label":{"type":"interpolation","value":"<span title=\"{{userName}}\">{{userName}}</span>"},"alignment":{"type":"constant","value":"right"},"buttonStyle":{"type":"constant","value":"link"},"action":{"type":"constant","value":"Open modal"},"url":{"type":"interpolation"},"responseStatusCode":{"type":"variable","value":""},"dataToSend":{"type":"constant"},"dataFromSuccess":{"type":"variable","value":""},"closeOnSuccess":{"type":"constant","value":false},"dataFromError":{"type":"variable","value":""},"targetUrlOnSuccess":{"type":"interpolation"},"collectionToModify":{"type":"variable","value":""},"modalId":{"type":"expression","value":"resetCurrentLanguage()"},"collectionPosition":{"type":"constant","value":"Last"},"valueToAdd":{"type":"constant"},"removeItem":{"type":"variable"},"assign":{"type":"constant","value":false}},"reference":"d8824a0f-860e-490c-8ca1-e8fac6681921","hasValidationError":false,"id":"pbButton"},{"type":"component","dimension":{"xs":2,"sm":2,"md":2,"lg":2},"propertyValues":{"cssClasses":{"type":"constant","value":"remove-padding-and-margin user-menu image-circle"},"hidden":{"type":"expression","value":"isGuestUser"},"disabled":{"type":"constant","value":false},"label":{"type":"interpolation","value":"{{userIconHtmlContent}}"},"alignment":{"type":"constant","value":"left"},"buttonStyle":{"type":"constant","value":"link"},"action":{"type":"constant","value":"Open modal"},"url":{"type":"interpolation"},"responseStatusCode":{"type":"variable","value":""},"dataToSend":{"type":"constant"},"dataFromSuccess":{"type":"variable","value":""},"closeOnSuccess":{"type":"constant","value":false},"dataFromError":{"type":"variable","value":""},"targetUrlOnSuccess":{"type":"interpolation"},"collectionToModify":{"type":"variable"},"modalId":{"type":"expression","value":"resetCurrentLanguage()"},"collectionPosition":{"type":"constant","value":"Last"},"valueToAdd":{"type":"constant"},"removeItem":{"type":"variable"},"assign":{"type":"constant","value":false}},"reference":"150555db-2bcf-4189-b199-5c34528d0c2f","hasValidationError":false,"id":"pbButton"}],[{"type":"component","dimension":{"xs":12,"sm":12,"md":12,"lg":12},"propertyValues":{"cssClasses":{"type":"constant","value":"remove-padding-and-margin user-menu user-menu-name"},"hidden":{"type":"expression","value":"!isGuestUser || logoutHidden"},"text":{"type":"interpolation","value":"Sign in"},"type":{"type":"constant","value":"URL"},"targetUrl":{"type":"expression","value":"logoutServiceRedirectURL"},"pageToken":{"type":"constant"},"processName":{"type":"constant"},"processVersion":{"type":"constant"},"taskId":{"type":"constant"},"caseId":{"type":"constant"},"target":{"type":"constant","value":"_self"},"appToken":{"type":"constant"},"urlParams":{"type":"constant"},"alignment":{"type":"constant","value":"right"},"buttonStyle":{"type":"constant","value":"link"}},"reference":"511c9f30-4ba0-49fe-b524-f6d2bbb590c7","hasValidationError":false,"id":"pbLink"}]]},{"type":"component","dimension":{"xs":1,"sm":1,"md":1,"lg":1},"propertyValues":{"cssClasses":{"type":"constant","value":"remove-padding-and-margin user-menu"},"hidden":{"type":"constant","value":false},"disabled":{"type":"constant","value":false},"label":{"type":"interpolation","value":"<span class=\"glyphicon glyphicon-th\"></span>"},"alignment":{"type":"constant","value":"left"},"buttonStyle":{"type":"constant","value":"link"},"action":{"type":"constant","value":"Open modal"},"url":{"type":"interpolation"},"responseStatusCode":{"type":"variable","value":""},"dataToSend":{"type":"constant"},"dataFromSuccess":{"type":"variable","value":""},"closeOnSuccess":{"type":"constant","value":false},"dataFromError":{"type":"variable","value":""},"targetUrlOnSuccess":{"type":"interpolation"},"collectionToModify":{"type":"variable"},"modalId":{"type":"constant","value":"appSelectionModalId"},"collectionPosition":{"type":"constant","value":"Last"},"valueToAdd":{"type":"constant"},"removeItem":{"type":"variable"},"assign":{"type":"constant","value":false}},"reference":"4c5989ff-b12c-4742-bda1-baa9ecdafa22","hasValidationError":false,"id":"pbButton"}]]}],[{"type":"component","dimension":{"xs":12,"sm":12,"md":12,"lg":12},"propertyValues":{"cssClasses":{"type":"constant","value":"remove-padding-and-margin"},"hidden":{"type":"expression","value":"!application"},"targetUrl":{"type":"variable","value":"targetedPageUrl"},"userName":{"type":"expression","value":"userName"},"currentSessionModalId":{"type":"interpolation","value":"currentSessionModalId"},"appSelectionModalId":{"type":"constant","value":"appSelectionModalId"},"application":{"type":"expression","value":"application[0] || {}"},"pageToken":{"type":"expression","value":"pageToken"},"userId":{"type":"expression","value":"loggedUser.id"},"homePageToken":{"type":"expression","value":"homePage.token"},"isGuestUser":{"type":"expression","value":"isGuestUser"},"logoutURL":{"type":"interpolation","value":"{{logoutServiceRedirectURL}}"},"successfulLogoutResponse":{"type":"variable","value":"logoutSuccessAndLogin"}},"reference":"a4a02132-16c7-4812-b19d-c3e3d71c1a12","hasValidationError":false,"id":"customLayoutMenuBonitaV4"}]]}],[{"type":"container","dimension":{"xs":12,"sm":12,"md":12,"lg":12},"propertyValues":{"cssClasses":{"type":"constant","value":"layout-content"},"hidden":{"type":"constant","value":false},"repeatedCollection":{"type":"variable","value":""}},"reference":"1a39467b-3ef1-4dd7-be74-e4f3c81e7eb4","hasValidationError":false,"id":"pbContainer","rows":[[{"type":"component","dimension":{"xs":12,"sm":12,"md":12,"lg":12},"propertyValues":{"cssClasses":{"type":"constant","value":"remove-padding-and-margin living-application-iframe"},"hidden":{"type":"constant","value":false},"src":{"type":"variable","value":"targetedPageUrl"}},"reference":"d82ee36b-2feb-45b4-a75f-aa220d67b980","hasValidationError":false,"id":"customLivingApplicationIFrameV4"}]]}],[{"type":"container","dimension":{"xs":12,"sm":12,"md":12,"lg":12},"propertyValues":{"cssClasses":{"type":"constant","value":"layout-footer remove-padding-and-margin"},"hidden":{"type":"constant","value":false},"repeatedCollection":{"type":"variable","value":""}},"reference":"62b6cc6e-6925-4310-9dc9-6b1ce440b13d","hasValidationError":false,"id":"pbContainer","rows":[[]]}],[{"type":"modalContainer","dimension":{"xs":12,"sm":12,"md":12,"lg":12},"propertyValues":{"cssClasses":{"type":"constant","value":""},"modalId":{"type":"constant","value":"currentSessionModalId"},"size":{"type":"constant","value":""},"animation":{"type":"constant","value":true}},"reference":"bc94f5af-d148-41ec-be6a-185c12a5fc6f","hasValidationError":false,"id":"pbModalContainer","container":{"type":"container","dimension":{"xs":12},"propertyValues":{},"reference":"361cfb63-f6b5-4754-a128-864b1c556fa5","hasValidationError":false,"id":"pbContainer","rows":[[{"type":"container","dimension":{"xs":12,"sm":12,"md":12,"lg":12},"propertyValues":{"cssClasses":{"type":"constant","value":"modal-header"},"hidden":{"type":"constant","value":false},"repeatedCollection":{"type":"variable","value":""}},"reference":"06b54dba-9288-4ed0-b4a8-bf2de61bff64","hasValidationError":false,"id":"pbContainer","rows":[[{"type":"component","dimension":{"xs":12,"sm":12,"md":12,"lg":12},"propertyValues":{"cssClasses":{"type":"constant","value":"user-details--break-all"},"hidden":{"type":"constant","value":false},"text":{"type":"interpolation","value":"{{userName}}"},"level":{"type":"constant","value":"Level 3"},"alignment":{"type":"constant","value":"left"}},"reference":"078bce10-17ca-4dd8-82b8-66180b75fbda","hasValidationError":false,"id":"pbTitle"}]]}],[{"type":"container","dimension":{"xs":12,"sm":12,"md":12,"lg":12},"propertyValues":{"cssClasses":{"type":"constant","value":"modal-body"},"hidden":{"type":"constant","value":false},"repeatedCollection":{"type":"variable","value":""}},"reference":"d2ef7694-97ec-4c17-ac93-11b4a9bef315","hasValidationError":false,"id":"pbContainer","rows":[[{"type":"component","dimension":{"xs":12,"sm":4,"md":4,"lg":4},"propertyValues":{"cssClasses":{"type":"constant","value":"hidden-xs userIcon--large image-circle image-circle--large"},"hidden":{"type":"constant","value":false},"labelHidden":{"type":"constant","value":true},"label":{"type":"interpolation","value":"Default label"},"labelPosition":{"type":"constant","value":"top"},"labelWidth":{"type":"constant","value":4},"allowHTML":{"type":"constant","value":true},"text":{"type":"interpolation","value":"{{userIconHtmlContent}}"},"alignment":{"type":"constant","value":"left"}},"reference":"4bd7a598-52a4-4721-b786-d8a4308d6852","hasValidationError":false,"id":"pbText"},{"type":"container","dimension":{"xs":12,"sm":8,"md":8,"lg":8},"propertyValues":{"cssClasses":{"type":"constant","value":""},"hidden":{"type":"constant","value":false},"repeatedCollection":{"type":"variable","value":""}},"reference":"4fe0df15-ac3b-4b28-8c15-c1bb54ea85a4","hasValidationError":false,"id":"pbContainer","rows":[[{"type":"component","dimension":{"xs":12,"sm":12,"md":12,"lg":12},"propertyValues":{"cssClasses":{"type":"constant","value":""},"hidden":{"type":"constant","value":false},"text":{"type":"interpolation","value":"User details"},"level":{"type":"constant","value":"Level 4"},"alignment":{"type":"constant","value":"left"}},"reference":"4e5703ca-93a1-47b3-9f9f-3b39971a2b8f","hasValidationError":false,"id":"pbTitle"}],[{"type":"component","dimension":{"xs":12,"sm":12,"md":12,"lg":12},"propertyValues":{"cssClasses":{"type":"constant","value":"user-details--break-all"},"hidden":{"type":"constant","value":false},"allowHTML":{"type":"constant","value":true},"text":{"type":"interpolation","value":"{{session.user_name}}"},"alignment":{"type":"constant","value":"left"},"labelHidden":{"type":"constant","value":false},"label":{"type":"interpolation","value":"Username"},"labelPosition":{"type":"constant","value":"top"},"labelWidth":{"type":"constant","value":12}},"reference":"2e455e59-1b00-432d-8e53-1401f5ae5723","hasValidationError":false,"id":"pbText"}],[{"type":"component","dimension":{"xs":12,"sm":12,"md":12,"lg":12},"propertyValues":{"cssClasses":{"type":"constant","value":"user-details--break-all"},"hidden":{"type":"expression","value":"session.is_technical_user === 'true'"},"allowHTML":{"type":"constant","value":true},"text":{"type":"interpolation","value":"{{loggedUser.professional_data.email}}"},"alignment":{"type":"constant","value":"left"},"labelHidden":{"type":"constant","value":false},"label":{"type":"interpolation","value":"Email"},"labelPosition":{"type":"constant","value":"top"},"labelWidth":{"type":"constant","value":12}},"reference":"a88f2d95-ca07-47d0-800d-4e8b8053c6a7","hasValidationError":false,"id":"pbText"}]]}],[{"type":"container","dimension":{"xs":12,"sm":12,"md":12,"lg":12},"propertyValues":{"cssClasses":{"type":"constant","value":""},"hidden":{"type":"constant","value":false},"repeatedCollection":{"type":"variable","value":""}},"reference":"b52c33e6-07b9-4cd2-b0c7-04b95afb4f14","hasValidationError":false,"id":"pbContainer","rows":[[{"type":"component","dimension":{"xs":12,"sm":12,"md":12,"lg":12},"propertyValues":{"cssClasses":{"type":"constant","value":""},"hidden":{"type":"constant","value":false},"text":{"type":"interpolation","value":"Language"},"level":{"type":"constant","value":"Level 4"},"alignment":{"type":"constant","value":"left"}},"reference":"eb05271f-6b6a-4e58-b623-d552d1129c87","hasValidationError":false,"id":"pbTitle"}],[{"type":"component","dimension":{"xs":12,"sm":12,"md":9,"lg":9},"propertyValues":{"cssClasses":{"type":"constant","value":""},"hidden":{"type":"constant","value":false},"disabled":{"type":"constant","value":false},"required":{"type":"constant","value":false},"labelHidden":{"type":"constant","value":true},"label":{"type":"interpolation","value":"remove-padding-and-margin-right"},"labelPosition":{"type":"constant","value":"top"},"labelWidth":{"type":"constant","value":4},"placeholder":{"type":"interpolation","value":"Select a language"},"availableValues":{"type":"expression","value":"languageList"},"displayedKey":{"type":"constant","value":"name"},"returnedKey":{"type":"expression","value":"locale"},"value":{"type":"variable","value":"selectedLanguage"}},"reference":"151aa916-30b2-4757-936d-811fd48995d0","hasValidationError":false,"id":"pbSelect"},{"type":"component","dimension":{"xs":12,"sm":12,"md":3,"lg":3},"propertyValues":{"cssClasses":{"type":"constant","value":""},"hidden":{"type":"constant","value":false},"disabled":{"type":"expression","value":"!selectedLanguage"},"label":{"type":"interpolation","value":"Apply"},"alignment":{"type":"constant","value":"right"},"buttonStyle":{"type":"constant","value":"primary"},"action":{"type":"constant","value":"Add to collection"},"url":{"type":"interpolation"},"responseStatusCode":{"type":"variable","value":""},"dataToSend":{"type":"constant"},"dataFromSuccess":{"type":"variable","value":""},"closeOnSuccess":{"type":"constant","value":false},"dataFromError":{"type":"variable","value":""},"targetUrlOnSuccess":{"type":"interpolation"},"collectionToModify":{"type":"variable","value":"eventList.actions"},"modalId":{"type":"constant","value":""},"collectionPosition":{"type":"constant","value":"Last"},"valueToAdd":{"type":"constant","value":"locale"},"removeItem":{"type":"variable"},"assign":{"type":"constant","value":false}},"reference":"4939b47c-a22f-48c0-9b29-ea7576e47132","hasValidationError":false,"id":"pbButton"}]]}]]}],[{"type":"container","dimension":{"xs":12,"sm":12,"md":12,"lg":12},"propertyValues":{"cssClasses":{"type":"constant","value":"modal-footer"},"hidden":{"type":"constant","value":false},"repeatedCollection":{"type":"variable","value":""}},"reference":"53e25ea9-e4c3-4b9f-bb2d-b031d3b0a09a","hasValidationError":false,"id":"pbContainer","rows":[[{"type":"component","dimension":{"xs":6,"sm":6,"md":6,"lg":6},"propertyValues":{"cssClasses":{"type":"constant","value":""},"hidden":{"type":"expression","value":"logoutHidden"},"text":{"type":"interpolation","value":"Sign out"},"type":{"type":"constant","value":"URL"},"targetUrl":{"type":"expression","value":"logoutServiceRedirectURL"},"pageToken":{"type":"constant"},"processName":{"type":"constant"},"processVersion":{"type":"constant"},"taskId":{"type":"constant"},"caseId":{"type":"constant"},"target":{"type":"constant","value":"_self"},"appToken":{"type":"constant"},"urlParams":{"type":"constant"},"alignment":{"type":"constant","value":"left"},"buttonStyle":{"type":"constant","value":"danger"}},"reference":"c375a2e5-6ec3-48c0-bcb6-17aae98b77a5","hasValidationError":false,"id":"pbLink"},{"type":"component","dimension":{"xs":6,"sm":6,"md":6,"lg":6},"propertyValues":{"cssClasses":{"type":"constant","value":""},"hidden":{"type":"constant","value":false},"disabled":{"type":"constant","value":false},"label":{"type":"interpolation","value":"Close"},"alignment":{"type":"constant","value":"right"},"buttonStyle":{"type":"constant","value":"default"},"action":{"type":"constant","value":"Close modal"},"url":{"type":"interpolation"},"responseStatusCode":{"type":"variable","value":""},"dataToSend":{"type":"constant"},"dataFromSuccess":{"type":"variable","value":""},"closeOnSuccess":{"type":"constant","value":false},"dataFromError":{"type":"variable","value":""},"targetUrlOnSuccess":{"type":"interpolation"},"collectionToModify":{"type":"variable"},"modalId":{"type":"constant","value":""},"collectionPosition":{"type":"constant","value":"Last"},"valueToAdd":{"type":"constant"},"removeItem":{"type":"variable"},"assign":{"type":"constant","value":false}},"reference":"28b64920-062d-49d2-a76d-37205135a2f3","hasValidationError":false,"id":"pbButton"}]]}]]}}],[{"type":"modalContainer","dimension":{"xs":12,"sm":12,"md":12,"lg":12},"propertyValues":{"cssClasses":{"type":"constant","value":"max-modal-width"},"modalId":{"type":"constant","value":"appSelectionModalId"},"size":{"type":"constant","value":"lg"},"animation":{"type":"constant","value":true}},"reference":"a36217e8-8838-47df-b977-7487f12225c2","hasValidationError":false,"id":"pbModalContainer","container":{"type":"container","dimension":{"xs":12},"propertyValues":{},"reference":"31c54c6a-34d4-4dd5-b70b-fe0b32976ab3","hasValidationError":false,"id":"pbContainer","rows":[[{"type":"container","dimension":{"xs":12,"sm":12,"md":12,"lg":12},"propertyValues":{"cssClasses":{"type":"constant","value":"modal-header"},"hidden":{"type":"constant","value":false},"repeatedCollection":{"type":"variable","value":""}},"reference":"da87e8df-cb93-4175-9f74-ed611abfddd7","hasValidationError":false,"id":"pbContainer","rows":[[{"type":"component","dimension":{"xs":12,"sm":12,"md":12,"lg":12},"propertyValues":{"cssClasses":{"type":"constant","value":"remove-padding-and-margin-right"},"hidden":{"type":"constant","value":false},"text":{"type":"interpolation","value":"Application List"},"level":{"type":"constant","value":"Level 3"},"alignment":{"type":"constant","value":"left"}},"reference":"0a62175c-8427-4059-8116-f2b3c54fca06","hasValidationError":false,"id":"pbTitle"}],[{"type":"container","dimension":{"xs":12,"sm":12,"md":12,"lg":12},"propertyValues":{"cssClasses":{"type":"constant","value":""},"hidden":{"type":"constant","value":false},"repeatedCollection":{"type":"variable","value":""}},"reference":"f8847734-0cfa-4ed5-b928-04141535a993","hasValidationError":false,"id":"pbContainer","rows":[[{"type":"component","dimension":{"xs":12,"sm":12,"md":12,"lg":12},"propertyValues":{"cssClasses":{"type":"constant","value":""},"hidden":{"type":"constant","value":false},"required":{"type":"constant","value":false},"minLength":{"type":"constant","value":""},"maxLength":{"type":"constant","value":""},"readOnly":{"type":"constant","value":false},"labelHidden":{"type":"constant","value":true},"label":{"type":"interpolation","value":""},"labelPosition":{"type":"constant","value":"top"},"labelWidth":{"type":"constant","value":1},"placeholder":{"type":"interpolation","value":"Search by application name, display name, version or URL"},"value":{"type":"variable","value":"searchFilterValue"},"type":{"type":"constant","value":"text"},"min":{"type":"constant"},"max":{"type":"constant"},"step":{"type":"constant","value":1}},"reference":"d648505d-c967-499c-b96d-f36c800a65fc","hasValidationError":false,"id":"pbInput"}]]}]]}],[{"type":"container","dimension":{"xs":12,"sm":12,"md":12,"lg":12},"propertyValues":{"cssClasses":{"type":"constant","value":"modal-body infinite-scroll"},"hidden":{"type":"constant","value":false},"repeatedCollection":{"type":"variable","value":""}},"reference":"f2d768d1-ebd8-4b14-a806-370c8e146b60","hasValidationError":false,"id":"pbContainer","rows":[[{"type":"container","dimension":{"xs":12,"sm":12,"md":12,"lg":12},"propertyValues":{"cssClasses":{"type":"constant","value":"parent-container"},"hidden":{"type":"constant","value":false},"repeatedCollection":{"type":"variable","value":""}},"reference":"465c4765-3889-4d1d-8ccc-cbbec5578ac6","hasValidationError":false,"id":"pbContainer","rows":[[{"type":"container","dimension":{"xs":12,"sm":6,"md":4,"lg":4},"propertyValues":{"cssClasses":{"type":"constant","value":"application-container"},"hidden":{"type":"constant","value":false},"repeatedCollection":{"type":"variable","value":"applicationData.displayedApplications"}},"reference":"41e74828-109c-49ce-9b10-b4632add3a54","hasValidationError":false,"id":"pbContainer","rows":[[{"type":"container","dimension":{"xs":12,"sm":12,"md":12,"lg":12},"propertyValues":{"cssClasses":{"type":"expression","value":"applicationCtrl.getApplicationCssClasses($item)"},"hidden":{"type":"constant","value":false},"repeatedCollection":{"type":"variable","value":""}},"reference":"0787a917-8683-4145-b5a9-14d5745f0938","hasValidationError":false,"id":"pbContainer","rows":[[{"type":"container","dimension":{"xs":12,"sm":12,"md":12,"lg":12},"propertyValues":{"cssClasses":{"type":"constant","value":"icon-container"},"hidden":{"type":"constant","value":false},"repeatedCollection":{"type":"variable","value":""}},"reference":"21ecc2b9-a0a4-4ae2-aeae-d3b67910591f","hasValidationError":false,"id":"pbContainer","rows":[[{"type":"component","dimension":{"xs":12,"sm":12,"md":12,"lg":12},"propertyValues":{"cssClasses":{"type":"constant","value":""},"hidden":{"type":"expression","value":"$item.icon !== \"\""},"srcType":{"type":"constant","value":"URL"},"url":{"type":"expression","value":"logoURL"},"assetName":{"type":"constant"},"alt":{"type":"interpolation"}},"reference":"3f7c0eda-670a-40da-8ff4-79b395ea5cf6","hasValidationError":false,"id":"pbImage"}],[{"type":"component","dimension":{"xs":12,"sm":12,"md":12,"lg":12},"propertyValues":{"cssClasses":{"type":"constant","value":""},"hidden":{"type":"expression","value":"$item.icon === \"\""},"srcType":{"type":"constant","value":"URL"},"url":{"type":"expression","value":"$item.icon"},"assetName":{"type":"constant"},"alt":{"type":"interpolation"}},"reference":"6e3318bf-c964-4a92-93ad-1cfbf94c55ca","hasValidationError":false,"id":"pbImage"}]]}],[{"type":"component","dimension":{"xs":12,"sm":12,"md":12,"lg":12},"propertyValues":{"cssClasses":{"type":"constant","value":"clickable-overlay"},"hidden":{"type":"constant","value":false},"text":{"type":"interpolation","value":"<a></a>"},"type":{"type":"constant","value":"page"},"targetUrl":{"type":"constant","value":"http://"},"pageToken":{"type":"expression","value":"''"},"processName":{"type":"constant"},"processVersion":{"type":"constant"},"taskId":{"type":"constant"},"caseId":{"type":"constant"},"target":{"type":"constant","value":"_self"},"appToken":{"type":"expression","value":"$item.token"},"urlParams":{"type":"constant"},"alignment":{"type":"constant","value":"left"},"buttonStyle":{"type":"constant","value":"link"}},"reference":"59253532-defa-4a17-9fa9-09ac49b81c88","hasValidationError":false,"id":"pbLink"}],[{"type":"component","dimension":{"xs":12,"sm":12,"md":12,"lg":12},"propertyValues":{"cssClasses":{"type":"constant","value":"application-version text-primary"},"hidden":{"type":"constant","value":false},"labelHidden":{"type":"constant","value":true},"label":{"type":"interpolation","value":"Default label"},"labelPosition":{"type":"constant","value":"top"},"labelWidth":{"type":"constant","value":4},"allowHTML":{"type":"constant","value":true},"text":{"type":"interpolation","value":"{{$item.version}}"},"alignment":{"type":"constant","value":"right"}},"reference":"40587b5d-daf7-42b2-a89c-026da059f548","hasValidationError":false,"id":"pbText"}]]}],[{"type":"component","dimension":{"xs":12,"sm":12,"md":12,"lg":12},"propertyValues":{"cssClasses":{"type":"constant","value":"application-title"},"hidden":{"type":"constant","value":false},"text":{"type":"interpolation","value":"<span title=\"{{applicationCtrl.sanitizeString($item.displayName)}}\">{{$item.displayName}}</span>"},"type":{"type":"constant","value":"page"},"targetUrl":{"type":"constant","value":"http://"},"pageToken":{"type":"expression","value":"''"},"processName":{"type":"constant"},"processVersion":{"type":"constant"},"taskId":{"type":"constant"},"caseId":{"type":"constant"},"target":{"type":"constant","value":"_self"},"appToken":{"type":"expression","value":"$item.token"},"urlParams":{"type":"constant"},"alignment":{"type":"constant","value":"center"},"buttonStyle":{"type":"constant","value":"link"}},"reference":"dca72963-71bd-448e-8942-b10179b134cf","hasValidationError":false,"id":"pbLink"}]]}]]}],[{"type":"component","dimension":{"xs":12,"sm":12,"md":12,"lg":12},"propertyValues":{"cssClasses":{"type":"constant","value":""},"hidden":{"type":"expression","value":"applicationData.displayedApplications.length"},"text":{"type":"interpolation","value":"No applications to display"},"level":{"type":"constant","value":"Level 4"},"alignment":{"type":"constant","value":"center"}},"reference":"ce885e7e-6fc2-40bd-98ce-cec403a89ce4","hasValidationError":false,"id":"pbTitle"}],[{"type":"component","dimension":{"xs":12,"sm":12,"md":12,"lg":12},"propertyValues":{"cssClasses":{"type":"constant","value":"mt-20"},"hidden":{"type":"expression","value":"applicationData.displayedApplications.length === 0"},"disabled":{"type":"expression","value":"applicationData.displayedApplications.length % applicationData.numberOfApplicationsPerPage > 0 || applicationData.numberOfApplicationsInMemory === 0"},"label":{"type":"interpolation","value":"Load more applications"},"alignment":{"type":"constant","value":"center"},"buttonStyle":{"type":"constant","value":"link"},"action":{"type":"constant","value":"GET"},"assign":{"type":"constant","value":false},"url":{"type":"interpolation","value":"../API/living/application{{applicationCtrl.applicationQueryParameters(applicationData.pageId)}}"},"responseStatusCode":{"type":"variable","value":""},"dataToSend":{"type":"constant"},"dataFromSuccess":{"type":"variable","value":"applicationData.applicationsFromAPI"},"closeOnSuccess":{"type":"constant","value":false},"dataFromError":{"type":"variable","value":""},"targetUrlOnSuccess":{"type":"interpolation"},"collectionToModify":{"type":"variable"},"modalId":{"type":"constant","value":""},"collectionPosition":{"type":"constant","value":"Last"},"valueToAdd":{"type":"constant"},"removeItem":{"type":"variable"}},"reference":"49f41ad6-4948-46db-9b37-f68e330790d3","hasValidationError":false,"id":"pbButton"}]]}],[{"type":"container","dimension":{"xs":12,"sm":12,"md":12,"lg":12},"propertyValues":{"cssClasses":{"type":"constant","value":"modal-footer"},"hidden":{"type":"constant","value":false},"repeatedCollection":{"type":"variable","value":""}},"reference":"c1d64e34-48a8-4238-8ea7-8bccc89ef3f0","hasValidationError":false,"id":"pbContainer","rows":[[{"type":"component","dimension":{"xs":12,"sm":12,"md":12,"lg":12},"propertyValues":{"cssClasses":{"type":"constant","value":""},"hidden":{"type":"constant","value":false},"disabled":{"type":"constant","value":false},"label":{"type":"interpolation","value":"Close"},"alignment":{"type":"constant","value":"center"},"buttonStyle":{"type":"constant","value":"default"},"action":{"type":"constant","value":"Close modal"},"url":{"type":"interpolation"},"responseStatusCode":{"type":"variable","value":""},"dataToSend":{"type":"constant"},"dataFromSuccess":{"type":"variable","value":""},"closeOnSuccess":{"type":"constant","value":false},"dataFromError":{"type":"variable","value":""},"targetUrlOnSuccess":{"type":"interpolation"},"collectionToModify":{"type":"variable"},"modalId":{"type":"constant","value":""},"collectionPosition":{"type":"constant","value":"Last"},"valueToAdd":{"type":"constant"},"removeItem":{"type":"variable"},"assign":{"type":"constant","value":false}},"reference":"e1ca0f27-599a-43ed-84a9-596b17a2fffc","hasValidationError":false,"id":"pbButton"}]]}]]}}]],"assets":[{"id":"856024bd-93a7-4880-80ad-c35274353601","name":"user-circle.css","type":"css","order":7,"external":false},{"id":"b6ac73e1-9f7e-4c4a-9856-358140b56ca5","name":"layout.css","type":"css","order":6,"external":false},{"id":"23b7d7dd-cb08-4f28-aab2-e28b16cbed62","name":"fa-solid-900.woff","type":"img","order":9,"external":false},{"id":"346a853d-6737-4422-bfae-c8acf7476ca4","name":"style.css","type":"css","order":5,"external":false},{"id":"3c2b8e1c-5de4-4eb4-8495-da7fa250c117","name":"localization.json","type":"json","order":4,"external":false},{"id":"eb2b632f-0def-480c-b90c-98291b0fca75","name":"layout.js","type":"js","order":3,"external":false},{"id":"cdb9b2e6-b75d-4dc8-b521-84b87f7b822f","name":"fa-solid-900.woff2","type":"img","order":8,"external":false}],"inactiveAssets":[],"variables":{"targetedPageUrl":{"type":"constant","exposed":false},"selectedLanguage":{"type":"constant","value":[""],"exposed":false},"eventList":{"type":"json","value":["{\"actions\":[]}"],"exposed":false},"session":{"type":"url","value":["../API/system/session/unusedId"],"exposed":false},"loggedUser":{"type":"url","value":["{{userAPI}}"],"advancedOptions":{},"exposed":false},"homePage":{"type":"url","value":["../API/living/application-page/{{application[0].homePageId}}"],"exposed":false},"userIconHtmlContent":{"type":"expression","value":["if (!$data.loggedUser) {","    return '';","}","","var isCustomIconPath = $data.loggedUser.icon && $data.loggedUser.icon!='icons/default/icon_user.png';","","const htmlContentForImage = `<span><img title=\"${$data.userName}\" src=\"${$data.loggedUser.icon}\" alt=\"${uiTranslate('User icon')}\"></span>`;","","const htmlContentForDefaultIcon = `<i title=\"${$data.userName}\" class=\"fa fa-user-circle\"></i>`;","","return isCustomIconPath ? htmlContentForImage : htmlContentForDefaultIcon;"],"exposed":false},"setWindowAppName":{"type":"expression","value":["if ($data.application && $data.application[0] && $data.application[0].displayName) {","    window.document.title = $data.application[0].displayName;","}"],"exposed":false},"languageList":{"type":"url","value":["../API/system/i18nlocale?p=0&c=0"],"exposed":false},"pathArray":{"type":"expression","value":["return window.location.pathname.split( '/' );"],"exposed":false},"appToken":{"type":"expression","value":["return  $data.pathArray[$data.pathArray.length-3];"],"exposed":false},"userName":{"type":"expression","value":["if($data.loggedUser && $data.loggedUser.firstname && $data.loggedUser.lastname) {","    return $data.loggedUser.firstname + \" \" + $data.loggedUser.lastname;","} else if($data.session && $data.session.is_technical_user === 'true') {","    return uiTranslate('Super administrator');","} else {","    return $data.session.user_name;","}"],"exposed":false},"logoURL":{"type":"constant","value":["../theme/images/logo.png"],"exposed":false},"storageLanguage":{"type":"expression","value":["function getCookie(name) {","    if (document.cookie) {","        var value = \"; \" + document.cookie;","        var parts = value.split(\"; \" + name + \"=\");","        if (parts.length == 2) return parts.pop().split(\";\").shift();","    }","    return \"\";","}","","return getCookie(\"BOS_Locale\");"],"exposed":false},"queryParamSearchFilter":{"type":"expression","value":["if(!$data.searchFilterValue) {","    return \"\";","}","return \"&s=\"+$data.searchFilterValue;"],"exposed":false},"application":{"type":"url","value":["../API/living/application/?c=1&f=token%3D{{appToken}}"],"exposed":false},"logoutHidden":{"type":"expression","value":["return JSON.parse($data.session.conf).indexOf('logout.link.hidden') !== -1;"],"exposed":false},"setLocal":{"type":"expression","value":["if($data.eventList.actions && $data.eventList.actions.length > 0){","    var action=$data.eventList.actions[0];","    if(action===\"locale\"){","        document.cookie=\"BOS_Locale=\"+$data.selectedLanguage.locale+\";path=/;max-age=31536000\";","        try {","            var url = new URL(document.location.href);","            url.searchParams.delete('locale');","            url.searchParams.delete('_l');","            document.location.assign(url.href);","        } catch (error) {","            document.location.reload();","        }","    }","}"],"exposed":false},"pageToken":{"type":"expression","value":["return $data.pathArray[$data.pathArray.length-2];"],"exposed":false},"searchFilterValue":{"type":"constant","exposed":false},"isGuestUser":{"type":"expression","value":["return $data.session.is_guest_user === 'true';"],"exposed":false},"logoutURL":{"type":"constant","value":["../../../logoutservice"],"exposed":false},"resetCurrentLanguage":{"type":"expression","value":["return function() {","    if ($data.storageLanguage) {","        var languageName = \"\";","        switch($data.storageLanguage) {","            case \"en\":","                languageName = \"English\";","                break;","            case \"fr\":","                languageName = \"Français\";","                break;","            case \"es\":","                languageName = \"Español\";","                break;","            case \"pt_BR\":","                languageName = \"Português (Brasil)\";","                break;","            case \"ja\":","                languageName = \"日本語\";","                break;","            default:","                $data.selectedLanguage = \"\";","        }","        $data.selectedLanguage = {\"name\": languageName, \"locale\": $data.storageLanguage}; ","    }","","    return \"currentSessionModalId\";","}"],"exposed":false},"logoutServiceRedirectURL":{"type":"expression","value":["let location = window.location.pathname + window.location.search;","return $data.logoutURL + '?locale=' + $data.storageLanguage + '&redirectUrl=' + encodeURIComponent(location);"],"exposed":false},"applicationData":{"type":"expression","value":["return {","    pageId: 0,","    numberOfApplicationsPerPage: 10,","    applicationsInMemory: [],","    applicationsFromAPI: undefined,","    numberOfApplicationsInMemory: 0,","    displayedApplications: [],","    filters: {","        searchValue: \"\"","    }","};"],"exposed":false},"applicationCtrl":{"type":"expression","value":["return {","    applicationQueryParameters: function(pageId) {","        if(!$data.applicationData.numberOfApplicationsPerPage){","            return undefined;","        }","      ","        var applicationsPerPage = $data.applicationData.numberOfApplicationsPerPage;","        if(pageId === 0){","            //On first call we need to load next page","            applicationsPerPage *= 2;","        }","        var queryParameters = \"?c=\" + applicationsPerPage + \"&p=\" + pageId + \"&f=userId=\" + $data.session.user_id + $data.queryParamSearchFilter;","        ","        if($data.applicationData.filters.searchValue){","            queryParameters += \"&s=\" +  $data.applicationData.filters.searchValue;","        }","        return queryParameters;","    },","    getIcon: function(icon) {","        return icon === \"\" ? \"../skin/images/logo.png\" : icon;","    },","    sanitizeString: function(stringToSanitize) {","        return stringToSanitize.replaceAll(\"\\\"\", \"&quot;\").replaceAll(\"\\'\", \"&#039;\");","    },","    getApplicationCssClasses: function(application) {","        var cssClasses = \"application-card \";","        ","        if (application.token === $data.appToken) {","            cssClasses += \"application-card--current\";","        }","        ","        return cssClasses;","    },","    getApplicationName: function() {","        if (!$data.application || !$data.application[0]) {","            return \"\";","        }","        return $data.application[0].displayName;","    }","};"],"exposed":false},"applicationHandler":{"type":"expression","value":["// Applications","// display the first page of items on page load or when the filters change","if($data.applicationUrl){","    // display half the elements loaded","    $data.applicationData.displayedApplications = $data.applicationUrl.slice(0, $data.applicationData.numberOfApplicationsPerPage);","    // set the next page to be requested to 2 since the first page is in the memory","    $data.applicationData.pageId = 2;","    $data.applicationData.applicationsInMemory = $data.applicationUrl.slice($data.applicationData.numberOfApplicationsPerPage);","    // saving the other half to be displayed later","    $data.applicationData.numberOfApplicationsInMemory = $data.applicationData.applicationsInMemory.length;","    // set items to undefined as the script is triggered when click on load more items button","    // and to prevent this block of code from being executed (prevent resetting the displayedApplications)","    $data.applicationUrl = undefined;","    $data.applicationData.applicationsFromAPI = undefined;","}","","// add next page of items to the list of next items to display","// display the next items from the memory","if($data.applicationData.applicationsFromAPI && $data.applicationData.applicationsFromAPI.length){","    $data.applicationData.displayedApplications = $data.applicationData.displayedApplications.concat($data.applicationData.applicationsInMemory);","    $data.applicationData.pageId++;","    $data.applicationData.applicationsInMemory = $data.applicationData.applicationsFromAPI;","    $data.applicationData.numberOfApplicationsInMemory = $data.applicationData.applicationsInMemory.length;","    $data.applicationData.applicationsFromAPI = undefined;","}","","// when there are no more items in the memory","if($data.applicationData.numberOfApplicationsInMemory > 0 && $data.applicationData.applicationsFromAPI && $data.applicationData.applicationsFromAPI.length === 0){","     $data.applicationData.displayedApplications = $data.applicationData.displayedApplications.concat($data.applicationData.applicationsInMemory);","     $data.applicationData.applicationsInMemory = undefined;","     $data.applicationData.applicationsFromAPI = undefined;","     $data.applicationData.numberOfApplicationsInMemory = 0;","}"],"exposed":false},"applicationUrl":{"type":"url","value":["../API/living/application{{applicationCtrl.applicationQueryParameters(0)}}"],"exposed":false},"userAPI":{"type":"expression","value":["if($data.session && $data.session.is_technical_user === 'true') {","    return '';","}","return \"../API/identity/user/\" + $data.session.user_id + \"?d=professional_data\";"],"exposed":false}},"hasValidationError":false,"uuid":"e73d62fc-4c9d-47d1-bd83-6082a7ba9ce1","type":"layout","description":"This is the Bonita living application layout, offered for any new application created. You can export it and edit it in the UI Designer. Its header contains a logo placeholder, the name of the application, the logged user's details (with a language picker and a logout button), and an access to all applications of the logged user. The application content is rendered as an horizontal menu and an iframe for application pages. This layout requires font-awesome in order to be able to display the default user icons. This dependence should be available in the theme of the application where this layout will be used.","displayName":"Bonita layout"}