{
  "modelVersion" : "2.2",
  "properties" : [
    {
      "label" : "Interpret HTML",
      "name" : "allowHTML",
      "help" : "If you choose 'no', HTML code will be escaped instead of being interpreted in row's cells",
      "type" : "boolean",
      "defaultValue" : true,
      "bond" : "constant"
    },
    {
      "label" : "Headers",
      "name" : "headers",
      "caption" : "Comma-separated list",
      "help" : "If you specify an expression, the result must be an array of strings",
      "type" : "collection",
      "defaultValue" : [
        "Id",
        "Name",
        "Description",
        "Date"
      ],
      "bond" : "expression"
    },
    {
      "label" : "Data source",
      "name" : "type",
      "help" : "Variable for frontend paging and ordering or Bonita REST API URL for backend paging and ordering",
      "type" : "choice",
      "defaultValue" : "Bonita API",
      "choiceValues" : [
        "Variable",
        "Bonita API"
      ],
      "bond" : "constant"
    },
    {
      "label" : "URL",
      "name" : "apiUrl",
      "caption" : "A Bonita REST API URL",
      "showFor" : "properties.type.value === 'Bonita API'",
      "type" : "text",
      "defaultValue" : "../API/",
      "bond" : "expression"
    },
    {
      "label" : "API request parameters",
      "name" : "params",
      "help" : "Additional request parameters added to the query string",
      "showFor" : "properties.type.value === 'Bonita API'",
      "type" : "text",
      "bond" : "expression"
    },
    {
      "label" : "Content",
      "name" : "content",
      "help" : "Array used to populate the table. Can be a list of objects. Use 'Column keys' to refine content",
      "showFor" : "properties.type.value === 'Variable'",
      "type" : "text",
      "bond" : "expression"
    },
    {
      "label" : "Columns key",
      "name" : "columnsKey",
      "caption" : "Use <a href=\"javascript:void(0);\" open-help=\"filters\" editor-mode=\"page\">Filters</a> to format the data (e.g. <span ng-non-bindable>columnKey|uiDate</span>)",
      "help" : "When 'Content' is a list of objects, specifies the attributes to display in the table columns. These keys must not be a number, or start with a number",
      "type" : "collection",
      "bond" : "expression"
    },
    {
      "label" : "Sortable columns",
      "name" : "sortColumns",
      "caption" : "List from column keys",
      "help" : "BDM APIs are not yet sortable. For other APIs, test in the preview or refer to the BonitaBPM documentation 'REST API' pages",
      "showFor" : "properties.type.value === 'Bonita API'",
      "type" : "collection",
      "bond" : "expression"
    },
    {
      "label" : "Selected Row",
      "name" : "selectedRow",
      "type" : "text",
      "bond" : "variable"
    },
    {
      "label" : "Page size",
      "name" : "pageSize",
      "type" : "integer",
      "defaultValue" : 10,
      "bond" : "expression"
    },
    {
      "label" : "Filter",
      "name" : "filter",
      "help" : "Bind to a Variable to filter the table 'Content'",
      "type" : "text",
      "bond" : "expression"
    },
    {
      "label" : "Zebra-striping",
      "name" : "striped",
      "help" : "Alternating gray and transparent backgrounds",
      "type" : "boolean",
      "defaultValue" : true,
      "bond" : "constant"
    },
    {
      "label" : "Condensed",
      "name" : "condensed",
      "help" : "Condensed table with half padding",
      "type" : "boolean",
      "defaultValue" : false,
      "bond" : "constant"
    },
    {
      "label" : "Bordered",
      "name" : "bordered",
      "help" : "Add borders all around the table and between all the columns.",
      "type" : "boolean",
      "defaultValue" : false,
      "bond" : "constant"
    }
  ],
  "id" : "pbDataTable",
  "name" : "Data table",
  "lastUpdate" : 1652757792523,
  "template" : "@pbDataTable.tpl.html",
  "icon" : "<svg xmlns='http://www.w3.org/2000/svg' viewBox='0 0 50 20'><g><path fill='#868695' d='M36,15v2h11v-2H36z M40,10v2h7v-2H40z M11,10v2h14v-2H11z M3,10v2h3v-2H3z M11,15v2h17v-2H11z M3,15v2h3 v-2H3z'/><path fill='#424251' d='M1,19V1h48v18H1z M0,0v20h50V0H0z'/><path fill='#A7A8B7' d='M1,7v1h7v11h1V8h22v11h1V8h17V7H32V1h-1v6H9V1H8v6H1z'/><path fill='none' stroke='#424251' d='M35,3h12v2H35V3z M11,3h13v2H11V3z M3,3h3v2H3V3z'/></g></svg>",
  "controller" : "@pbDataTable.ctrl.js",
  "description" : "Table with pagination and filtering capabilities",
  "custom" : false,
  "order" : 18,
  "assets" : [
    {
      "id" : "cad5d085-a023-4add-868d-ab23739853e9",
      "name" : "bonita-lib-tpl-0.5.21.js",
      "type" : "js",
      "order" : 0,
      "external" : false
    },
    {
      "id" : "b9acdba4-02e3-4af0-86ae-4f011565f08f",
      "name" : "ui-bootstrap-tpls-0.13.0.min.js",
      "type" : "js",
      "order" : 0,
      "external" : false
    },
    {
      "id" : "d33eeaab-9b42-4df7-8f74-8edd0fcfc590",
      "name" : "bonita-lib-0.5.21.css",
      "type" : "css",
      "order" : 0,
      "external" : false
    }
  ],
  "requiredModules" : [
    "org.bonitasoft.templates",
    "ui.bootstrap.pagination",
    "template/pagination/pagination.html",
    "org.bonitasoft.bonitable",
    "org.bonitasoft.bonitable.sortable"
  ],
  "type" : "widget",
  "hasHelp" : true
}