{
  "modelVersion" : "2.2",
  "previousArtifactVersion" : "2.1",
  "id" : "customLivingApplicationIFrameV4",
  "name" : "livingApplicationIFrameV4",
  "lastUpdate" : 1625560957192,
  "template" : "@customLivingApplicationIFrameV4.tpl.html",
  "controller" : "@customLivingApplicationIFrameV4.ctrl.js",
  "description" : "LivingApplicationIFrameV4 display the pages targeted by the LivingApplicationMenu.",
  "custom" : true,
  "properties" : [
    {
      "label" : "Source",
      "name" : "src",
      "type" : "text",
      "bond" : "variable"
    }
  ],
  "assets" : [ ],
  "requiredModules" : [ ],
  "type" : "widget",
  "hasHelp" : false
}