{
  "fr-FR": {
    "Case ID:": "Id du cas :",
    "Overview": "Page de synthèse",
    "General": "Général",
    "Process display name": "Nom métier du processus",
    "Process name": "Nom du processus",
    "Version": "Version",
    "State": "Etat",
    "Started by": "Démarré par",
    "Started on": "Démarré le",
    "Last updated": "Dernière mise à jour",
    "Available tasks": "Tâches disponibles",
    "Search keys": "Clés de recherche",
    "Comments": "Commentaires",
    "Type new comment": "Saisissez un nouveau commentaire",
    "Comments cannot be added to archived cases": "Impossible d'ajouter un commentaire à un cas archivé",
    "Add comment": "Ajouter un commentaire",
    "System": "Système",
    "started": "démarré",
    "cancelled": "annulé",
    "aborted": "abandonné",
    "suspended": "suspendu",
    "completed": "terminé",
    "error": "erreur",
    "Monitoring": "Monitoring",
    "Task list for this case": "Liste des tâches pour ce cas",
    "Failed": "En échec",
    "Pending": "En attente",
    "Done": "Faites",
    "No task in the task list for this case.": "Aucune tâche pour ce cas.",
    "No (more) comments to display": "Aucun (autre) commentaire à afficher",
    "Process variables": "Variables de processus",
    "Type": "Type",
    "Value": "Valeur",
    "Edit": "Modifier",
    "variables cannot be edited at runtime.": "variables ne peuvent pas être modifiées pendant l'exécution.",
    "No process variable to display": "Aucune variable de processus à afficher",
    "Edit the value of": "Modifier la valeur de",
    "An error has occurred. For more information, check the log file.": "Une erreur s'est produite. Pour plus d'informations, consultez les logs.",
    "Close": "Fermer",
    "Cancel": "Annuler",
    "Access denied. For more information, check the log file.": "Accès refusé. Pour plus d'informations, consultez les logs.",
    "The process variable has not been updated.": "La variable de processus n'a pas été mise à jour.",
    "Process variable successfully updated.": "La variable de processus a été mise à jour avec succès.",
    "Updating process variable...": "Modification de la variable de processus en cours ...",
    "Save": "Enregistrer",
    "No case found with id:": "Aucun cas ne semble correspondre à l'identifiant :",
    "Case id not provided. Unable to retrieve the case.": "L'identifiant du cas n'a pas été fourni à la page. Impossible de récupérer les informations.",
    "Process variables shown": "Variables de processus affichées",
    "Load more variables": "Afficher plus de variables",
    "Title": "Titre",
    "Default label": "Libellé par défaut",
    "Default name": "Nom par défaut",
    "Select": "Sélection",
    "Select an option": "Sélectionnez une option",
    "green": "vert",
    "red": "rouge",
    "blue": "bleu",
    "yes": "oui",
    "no": "non",
    "Id": "Id",
    "Name": "Nom",
    "Description": "Description",
    "Link": "Lien",
    "Submit": "Soumettre",
    "This field is required": "Ce champ est obligatoire",
    "This field length should be larger": "Ce champ doit contenir plus de caractères",
    "This field length should be smaller": "Ce champ doit contenir moins de caractères",
    "This value is too small": "La valeur de ce champ est trop petite",
    "This value is too large": "La valeur de ce champ est trop grande",
    "This is not a valid email": "L'email saisi n'est pas valide",
    "Toggle the text area to HTML source code / Rich text area": "Basculer l'affichage du texte vers HTML / Rich Text",
    "Heading ": "Titre ",
    "Paragraph": "Paragraphe",
    "Preformatted text": "Texte préformaté",
    "Unordered List": "Liste",
    "Ordered List": "Liste numérotée",
    "Quote/unquote selection or paragraph": "Formater le paragraphe ou la sélection en citation",
    "Undo": "Annuler",
    "Redo": "Rétablir",
    "Bold": "Gras",
    "Italic": "Italique",
    "Underline": "Souligné",
    "Strikethrough": "Barré",
    "Align text left": "Aligner le texte à gauche",
    "Align text right": "Aligner le texte à droite",
    "Justify text": "Justifier le texte",
    "Center": "Centrer",
    "Increase indent": "Augmenter l'indentation",
    "Decrease indent": "Diminuer l'indentation",
    "Clear formatting": "Effacer le formatage",
    "Please enter an image URL to insert": "Saisissez l'URL de l'image à insérer",
    "Insert image": "Insérer une image",
    "Insert video": "Insérer une vidéo",
    "Please enter a youtube URL to embed": "Saisissez une URL YouTube à embarquer",
    "Insert / edit link": "Insérer/éditer un lien",
    "Please enter a URL to insert": "Entrez une URL à insérer",
    "Relink": "Changer le lien",
    "Unlink": "Enlever le lien",
    "Open in New Window": "Ouvrir dans une nouvelle fenêtre",
    "Display words Count": "Afficher le nombre de mots",
    "Display characters Count": "Afficher le nombre de caractères",
    "The requested content cannot be loaded.<br />Please try again later.": "Le contenu demandé ne peut pas être téléchargé.<br/> Veuillez réessayer plus tard.",
    "Date": "Date",
    "MM/dd/yyyy": "dd/MM/yyyy",
    "Today": "Aujourd'hui",
    "Now": "Maintenant",
    "Enter a date (mm/dd/yyyy)": "Saisissez une date (jj/mm/aaaa)",
    "Date and time": "Date et heure",
    "h:mm:ss a": "HH:mm:ss",
    "Enter a time (h:mm:ss a)": "Saisissez une heure (hh:mm:ss)",
    "$locale": {
      "DATETIME_FORMATS": {
        "AMPMS": [
          "AM",
          "PM"
        ],
        "DAY": [
          "dimanche",
          "lundi",
          "mardi",
          "mercredi",
          "jeudi",
          "vendredi",
          "samedi"
        ],
        "FIRSTDAYOFWEEK": 1,
        "MONTH": [
          "janvier",
          "février",
          "mars",
          "avril",
          "mai",
          "juin",
          "juillet",
          "août",
          "septembre",
          "octobre",
          "novembre",
          "décembre"
        ],
        "SHORTDAY": [
          "dim.",
          "lun.",
          "mar.",
          "mer.",
          "jeu.",
          "ven.",
          "sam."
        ],
        "SHORTMONTH": [
          "janv.",
          "févr.",
          "mars",
          "avr.",
          "mai",
          "juin",
          "juil.",
          "août",
          "sept.",
          "oct.",
          "nov.",
          "déc."
        ],
        "fullDate": "EEEE d MMMM y",
        "longDate": "d MMMM y",
        "medium": "d MMM y HH:mm:ss",
        "mediumDate": "d MMM y",
        "mediumTime": "HH:mm:ss",
        "short": "dd/MM/y HH:mm",
        "shortDate": "dd/MM/y",
        "shortTime": "HH:mm"
      }
    }
  },
  "es-ES": {
    "Case ID:": "ID del Caso:",
    "Overview": "Formulario Resumen",
    "General": "General",
    "Process display name": "Nombre mostrado del proceso",
    "Process name": "Nombre de Proceso",
    "Version": "Versión",
    "State": "Estado",
    "Started by": "Iniciado por",
    "Started on": "Iniciado el",
    "Last updated": "Última actualización",
    "Available tasks": "Tareas disponibles",
    "Search keys": "Claves de búsqueda",
    "Comments": "Comentarios",
    "Type new comment": "Escribe un nuevo comentario",
    "Comments cannot be added to archived cases": "Los comentarios no pueden ser añadidos a casos archivados",
    "Add comment": "Añadir comentario",
    "System": "Sistema",
    "started": "iniciado",
    "cancelled": "cancelado",
    "aborted": "abortado",
    "suspended": "suspendido",
    "completed": "completado",
    "error": "error",
    "Monitoring": "Monitorización",
    "Task list for this case": "Lista de tareas para este caso",
    "Failed": "Fallido",
    "Pending": "Pendiente",
    "Done": "Hecho",
    "No task in the task list for this case.": "No hay tareas en la lista de tareas para este caso.",
    "No (more) comments to display": "No hay (más) comentarios para mostrar",
    "Process variables": "Variables de proceso",
    "Type": "Tipo",
    "Value": "Valor",
    "Edit": "Editar",
    "variables cannot be edited at runtime.": "las variables no pueden modificar en tiempo de ejecución",
    "No process variable to display": "Ninguna variable de proceso para mostrar",
    "Edit the value of": "Editar el valor de",
    "An error has occurred. For more information, check the log file.": "Ha ocurrido un error. Para más información, compruebe el fichero de log.",
    "Close": "Cerrar",
    "Cancel": "Cancelar",
    "Access denied. For more information, check the log file.": "Acceso denegado. Para más información, compruebe el fichero de log",
    "The process variable has not been updated.": "La variable de proceso no ha sido actualizada.",
    "Process variable successfully updated.": "Variable de proceso actualizada correctamente.",
    "Updating process variable...": "Actualizando variable de proceso...",
    "Save": "Guardar",
    "No case found with id:": "Ningún caso encontrado con id:",
    "Case id not provided. Unable to retrieve the case.": "ID de caso no proporcionado. No se puede recuperar el caso.",
    "Process variables shown": "Variables de proceso mostradas",
    "Load more variables": "Cargar más variables",
    "Title": "Título",
    "Default label": "Etiqueta por defecto",
    "Default name": "Nombre por defecto",
    "Select": "Seleccionar",
    "Select an option": "Selecciona una opción",
    "green": "verde",
    "red": "rojo",
    "blue": "azul",
    "yes": "sí",
    "no": "no",
    "Id": "Id",
    "Name": "Nombre",
    "Description": "Descripción",
    "Link": "Enlace",
    "Submit": "Enviar",
    "This field is required": "Este campo es requerido",
    "This field length should be larger": "La longitud de este campo debería ser mayor",
    "This field length should be smaller": "La longitud de este campo debería ser menor",
    "This value is too small": "El valor de este campo es demasiado pequeño",
    "This value is too large": "El valor de este campo es demasiado grande",
    "This is not a valid email": "El email introducido no es válido",
    "Toggle the text area to HTML source code / Rich text area": "Cambiar la zona de texto por código fuente HTML / Área de texto enriquecido",
    "Heading ": "Título",
    "Paragraph": "Parráfo",
    "Preformatted text": "Texto preformateado",
    "Unordered List": "Lista sin ordenar",
    "Ordered List": "Lista ordenada",
    "Quote/unquote selection or paragraph": "Citar / no citar selección o párrafo",
    "Undo": "Deshacer",
    "Redo": "Rehacer",
    "Bold": "Negrita",
    "Italic": "Itálico",
    "Underline": "Subrayado",
    "Strikethrough": "Tachado",
    "Align text left": "Alinear texto a la izquierda",
    "Align text right": "Alinear texto a la derecha",
    "Justify text": "Justifica el texto",
    "Center": "Centrar",
    "Increase indent": "Aumentar sangría",
    "Decrease indent": "Disminuir sangría",
    "Clear formatting": "Borrar el formato",
    "Please enter an image URL to insert": "Por favor ingrese una URL de imagen para insertar",
    "Insert image": "Insertar imagen",
    "Insert video": "Insertar video",
    "Please enter a youtube URL to embed": "Por favor, introduzca una URL de youtube para incrustar",
    "Insert / edit link": "Insertar / editar enlace",
    "Please enter a URL to insert": "Por favor ingrese una URL para insertar",
    "Relink": "Rehacer el enlace",
    "Unlink": "Deshacer el enlace",
    "Open in New Window": "Abrir en una nueva ventana",
    "Display words Count": "Mostrar el número de palabras",
    "Display characters Count": "Mostrar el número de carácteres",
    "The requested content cannot be loaded.<br />Please try again later.": "El contenido solicitado no puede mostrarse.",
    "Today": "Hoy",
    "Now": "Ahora",
    "Date": "Fecha",
    "MM/dd/yyyy": "dd/MM/yyyy",
    "Enter a date (mm/dd/yyyy)": "Introducir una fecha (dd/mm/aaaa)",
    "Date and time": "Fecha y hora",
    "h:mm:ss a": "H:mm:ss",
    "Enter a time (h:mm:ss a)": "Introducir una hora (h:mm:ss)",
    "$locale": {
      "DATETIME_FORMATS": {
        "AMPMS": [
          "a. m.",
          "p. m."
        ],
        "DAY": [
          "domingo",
          "lunes",
          "martes",
          "miércoles",
          "jueves",
          "viernes",
          "sábado"
        ],
        "FIRSTDAYOFWEEK": 0,
        "MONTH": [
          "enero",
          "febrero",
          "marzo",
          "abril",
          "mayo",
          "junio",
          "julio",
          "agosto",
          "septiembre",
          "octubre",
          "noviembre",
          "diciembre"
        ],
        "SHORTDAY": [
          "dom.",
          "lun.",
          "mar.",
          "mié.",
          "jue.",
          "vie.",
          "sáb."
        ],
        "SHORTMONTH": [
          "ene.",
          "feb.",
          "mar.",
          "abr.",
          "may.",
          "jun.",
          "jul.",
          "ago.",
          "sept.",
          "oct.",
          "nov.",
          "dic."
        ],
        "fullDate": "EEEE, d 'de' MMMM 'de' y",
        "longDate": "d 'de' MMMM 'de' y",
        "medium": "d 'de' MMM 'de' y H:mm:ss",
        "mediumDate": "d 'de' MMM 'de' y",
        "mediumTime": "H:mm:ss",
        "short": "d/M/yy H:mm",
        "shortDate": "d/M/yy",
        "shortTime": "H:mm"
      }
    }
  },
  "ja-JP": {
    "Case ID:": "ケースID:",
    "Overview": "オーバービュー",
    "General": "ジェネラル（生成）",
    "Process display name": "Process display name",
    "Process name": "プロセス名",
    "Version": "バージョン",
    "State": "ステータス",
    "Started by": "起案者",
    "Started on": "開始日時",
    "Last updated": "最終更新日",
    "Available tasks": "実行要求タスク",
    "Search keys": "検索キー",
    "Comments": "コメント",
    "Type new comment": "新しいコメントを入力",
    "Comments cannot be added to archived cases": "アーカイブされた案件にコメントを追加することはできません",
    "Add comment": "コメントを追加",
    "System": "システム",
    "started": "開始済み",
    "cancelled": "キャンセル済み",
    "aborted": "中止されました",
    "suspended": "一時停止中",
    "completed": "完了",
    "error": "エラー",
    "Monitoring": "モニタリング",
    "Task list for this case": "この案件のタスクリスト",
    "Failed": "エラー",
    "Pending": "保留中",
    "Done": "完了",
    "No task in the task list for this case.": "この案件のタスク リストにタスクがありません。",
    "No (more) comments to display": "表示するコメントは（これ以上）ありません",
    "Process variables": "プロセス変数",
    "Type": "タイプ(Type)",
    "Value": "値（Value)",
    "Edit": "エディット（編集）",
    "variables cannot be edited at runtime.": "変数は実行時には編集できません。",
    "No process variable to display": "表示するプロセス変数がありません",
    "Edit the value of": "の値を編集します",
    "An error has occurred. For more information, check the log file.": "エラーが発生しました。詳細はログファイルを確認してください。",
    "Close": "閉じる (&C)",
    "Cancel": "キャンセル",
    "Access denied. For more information, check the log file.": "アクセスが拒否されました。詳細についてはログファイルを確認してください。",
    "The process variable has not been updated.": "プロセス変数は更新されていません。",
    "Process variable successfully updated.": "プロセス変数が正常に更新されました。",
    "Updating process variable...": "プロセス変数を更新しています...",
    "Save": "セーブ",
    "No case found with id:": "No case found with id:",
    "Case id not provided. Unable to retrieve the case.": "Case id not provided. Unable to retrieve the case.",
    "Process variables shown": "プロセス変数が表示されます",
    "Load more variables": "さらに変数を読み込む",
    "Title": "タイトル",
    "Default label": "デフォルト ラベル",
    "Default name": "デフォルト名",
    "Select": "選択",
    "Select an option": "オプションを選択してください",
    "green": "緑",
    "red": "赤",
    "blue": "青",
    "yes": "はい",
    "no": "いいえ",
    "Id": "ID",
    "Name": "名前",
    "Description": "説明",
    "Link": "リンク",
    "Submit": "送信",
    "This field is required": "このフィールドは必須項目です",
    "This field length should be larger": "このフィールドの長さを大きくする必要があります",
    "This field length should be smaller": "このフィールドの長さを小さくする必要があります",
    "This value is too small": "この値が小さすぎます",
    "This value is too large": "この値は大きすぎます",
    "This is not a valid email": "これは有効なメールアドレスではありません",
    "Toggle the text area to HTML source code / Rich text area": "テキストエリアをHTMLソースコード/リッチテキストエリアに切り替えます",
    "Heading ": " ",
    "Paragraph": "パラグラフ",
    "Preformatted text": "書式付きテキスト",
    "Unordered List": "順序なしリスト",
    "Ordered List": "順序付きリスト",
    "Quote/unquote selection or paragraph": "選択または段落の引用/引用解除",
    "Undo": "元に戻す",
    "Redo": "やり直し",
    "Bold": "太字",
    "Italic": "斜体",
    "Underline": "下線",
    "Strikethrough": "取り消し線",
    "Align text left": "左揃え",
    "Align text right": "右揃え",
    "Justify text": "均等割り付け",
    "Center": "中央揃え",
    "Increase indent": "インデントを上げる",
    "Decrease indent": "インデントを減らす",
    "Clear formatting": "フォーマットをクリア",
    "Please enter an image URL to insert": "挿入する画像 URL を入力してください",
    "Insert image": "画像を挿入",
    "Insert video": "ビデオを挿入",
    "Please enter a youtube URL to embed": "埋め込むYouTubeのURLを入力してください",
    "Insert / edit link": "リンクの挿入 / 編集",
    "Please enter a URL to insert": "挿入する URL を入力してください",
    "Relink": "再リンク",
    "Unlink": "リンク解除",
    "Open in New Window": "新しいウィンドウで開く",
    "Display words Count": "単語数の表示",
    "Display characters Count": "文字数の表示",
    "The requested content cannot be loaded.<br />Please try again later.": "要求されたコンテンツを読み込むことができません。<br />後でもう一度お試しください。",
    "Today": "今日",
    "Now": "現在",
    "Date": "日付",
    "MM/dd/yyyy": "y/MM/dd",
    "Enter a date (mm/dd/yyyy)": "日付（mm/dd/yyyy）を入力します",
    "Date and time": "日付と時刻",
    "h:mm:ss a": "H:mm:ss",
    "Enter a time (h:mm:ss a)": "時刻を入力 (h:mm:ss a)",
    "$locale": {
      "DATETIME_FORMATS": {
        "AMPMS": [
          "午前",
          "午後"
        ],
        "DAY": [
          "日曜日",
          "月曜日",
          "火曜日",
          "水曜日",
          "木曜日",
          "金曜日",
          "土曜日"
        ],
        "FIRSTDAYOFWEEK": 6,
        "MONTH": [
          "1月",
          "2月",
          "3月",
          "4月",
          "5月",
          "6月",
          "7月",
          "8月",
          "9月",
          "10月",
          "11月",
          "12月"
        ],
        "SHORTDAY": [
          "日",
          "月",
          "火",
          "水",
          "木",
          "金",
          "土"
        ],
        "SHORTMONTH": [
          "1月",
          "2月",
          "3月",
          "4月",
          "5月",
          "6月",
          "7月",
          "8月",
          "9月",
          "10月",
          "11月",
          "12月"
        ],
        "fullDate": "y年M月d日EEEE",
        "longDate": "y年M月d日",
        "medium": "y/MM/dd H:mm:ss",
        "mediumDate": "y/MM/dd",
        "mediumTime": "H:mm:ss",
        "short": "y/MM/dd H:mm",
        "shortDate": "y/MM/dd",
        "shortTime": "H:mm"
      }
    }
  },
  "pt-BR": {
    "Case ID:": "ID do caso:",
    "Overview": "Visão geral",
    "General": "Geral",
    "Process display name": "Nome de exibição do processo",
    "Process name": "Nome do Processo",
    "Version": "Versão",
    "State": "Status",
    "Started by": "Iniciado por",
    "Started on": "Iniciado em",
    "Last updated": "Última atualização",
    "Available tasks": "Tarefas disponíveis",
    "Search keys": "Chaves de pesquisa",
    "Comments": "Comentários",
    "Type new comment": "Digite um novo comentário",
    "Comments cannot be added to archived cases": "Os comentários não podem ser adicionados a casos arquivados",
    "Add comment": "Adicionar comentários",
    "System": "Sistema",
    "started": "iniciado",
    "cancelled": "cancelado",
    "aborted": "abortado",
    "suspended": "suspenso",
    "completed": "concluído",
    "error": "erro",
    "Monitoring": "Monitoramento",
    "Task list for this case": "Lista de tarefas para este caso",
    "Failed": "Falhou",
    "Pending": "Pendente",
    "Done": "Pronto",
    "No task in the task list for this case.": "Nenhuma tarefa na lista de tarefas para este caso.",
    "No (more) comments to display": "Não há (mais) comentários para exibir",
    "Process variables": "Variáveis de processo",
    "Type": "Tipo",
    "Value": "Valor",
    "Edit": "Editar",
    "variables cannot be edited at runtime.": "variáveis não podem ser editadas no tempo de execução.",
    "No process variable to display": "Nenhuma variável de processo para exibir",
    "Edit the value of": "Editar o valor de",
    "An error has occurred. For more information, check the log file.": "Ocorreu um erro. Para mais informações, verifique o arquivo de log.",
    "Close": "Fechar",
    "Cancel": "Cancelar",
    "Access denied. For more information, check the log file.": "Acesso negado. Para mais informações, verifique o arquivo de log.",
    "The process variable has not been updated.": "A variável de processo não foi atualizada.",
    "Process variable successfully updated.": "Variável de processo atualizada com sucesso.",
    "Updating process variable...": "Atualizando variável do processo...",
    "Save": "Salvar",
    "No case found with id:": "Nenhum caso encontrado com o ID:",
    "Case id not provided. Unable to retrieve the case.": "ID do caso não fornecido. Não foi possível recuperar o caso.",
    "Process variables shown": "Process variables shown",
    "Load more variables": "Load more variables",
    "Title": "Título",
    "Default label": "Etiqueta padrão",
    "Default name": "Nome padrão",
    "Select": "Selecionar",
    "Select an option": "Selecionar uma opção",
    "green": "verde",
    "red": "vermelho",
    "blue": "azul",
    "yes": "sim",
    "no": "não",
    "Id": "ID",
    "Name": "Nome",
    "Description": "Descrição",
    "Link": "Link",
    "Submit": "Submeter",
    "This field is required": "Este campo é requerido",
    "This field length should be larger": "Este comprimento de campo deve ser maior",
    "This field length should be smaller": "Este comprimento do campo deve ser menor",
    "This value is too small": "Este valor é muito pequeno",
    "This value is too large": "Este valor é muito grande",
    "This is not a valid email": "Não é um email válido",
    "Toggle the text area to HTML source code / Rich text area": "Alternar a área de texto para o código-fonte HTML / área de rich text",
    "Heading ": "Título ",
    "Paragraph": "Paragrafo",
    "Preformatted text": "Texto preformatado",
    "Unordered List": "Lista não ordenada",
    "Ordered List": "Lista ordenada",
    "Quote/unquote selection or paragraph": "Marcar / Desmarcar seleção ou parágrafo",
    "Undo": "Desfazer",
    "Redo": "Pronto",
    "Bold": "Negrito",
    "Italic": "Italico",
    "Underline": "Sublinhado",
    "Strikethrough": "Tachado",
    "Align text left": "Alinhar texto a esquerda",
    "Align text right": "Alinhar texto a direita",
    "Justify text": "Texto Justificado",
    "Center": "Centralizado",
    "Increase indent": "Aumentar recuo",
    "Decrease indent": "Diminuir recuo",
    "Clear formatting": "Limpar formatação",
    "Please enter an image URL to insert": "Por favor entre com uma URL para inserir",
    "Insert image": "Inserir imagem",
    "Insert video": "Insereir video",
    "Please enter a youtube URL to embed": "Por favor entre com uma URL para inserir",
    "Insert / edit link": "Inserir / editar link",
    "Please enter a URL to insert": "Por favor entre com uma URL para inserir",
    "Relink": "Relink",
    "Unlink": "Desvincular",
    "Open in New Window": "Abrir em Nova Janela",
    "Display words Count": "Exibir contagem de palavras",
    "Display characters Count": "Exibir contagem de caracteres",
    "The requested content cannot be loaded.<br />Please try again later.": "O conteúdo solicitado não pode ser carregado.<br />Por favor tente mais tarde.",
    "Today": "Hoje",
    "Now": "Agora",
    "Date": "Data",
    "MM/dd/yyyy": "MM/dd/yyyy",
    "Enter a date (mm/dd/yyyy)": "Entre com uma data (mm/dd/yyyy)",
    "Date and time": "Data e hora",
    "h:mm:ss a": "h:mm:ss a",
    "Enter a time (h:mm:ss a)": "Entre com uma hora (h:mm:ss a)",
    "$locale": {
      "DATETIME_FORMATS": {
        "AMPMS": [
          "AM",
          "PM"
        ],
        "DAY": [
          "domingo",
          "segunda-feira",
          "terça-feira",
          "quarta-feira",
          "quinta-feira",
          "sexta-feira",
          "sábado"
        ],
        "FIRSTDAYOFWEEK": 6,
        "MONTH": [
          "janeiro",
          "fevereiro",
          "março",
          "abril",
          "maio",
          "junho",
          "julho",
          "agosto",
          "setembro",
          "outubro",
          "novembro",
          "dezembro"
        ],
        "SHORTDAY": [
          "dom",
          "seg",
          "ter",
          "qua",
          "qui",
          "sex",
          "sáb"
        ],
        "SHORTMONTH": [
          "jan",
          "fev",
          "mar",
          "abr",
          "mai",
          "jun",
          "jul",
          "ago",
          "set",
          "out",
          "nov",
          "dez"
        ],
        "fullDate": "EEEE, d 'de' MMMM 'de' y",
        "longDate": "d 'de' MMMM 'de' y",
        "medium": "d 'de' MMM 'de' y HH:mm:ss",
        "mediumDate": "d 'de' MMM 'de' y",
        "mediumTime": "HH:mm:ss",
        "short": "dd/MM/yy HH:mm",
        "shortDate": "dd/MM/yy",
        "shortTime": "HH:mm"
      }
    }
  }
}