{
  "fr-FR": {
    "ID": "ID",
    "Task list": "Tâches",
    "Failed flow nodes": "Flow nodes en erreur",
    "All processes": "Tous les processus",
    "Sort by": "Trier par",
    "Search by name or display name": "Recherche par nom ou nom métier",
    "Priority": "Priorité",
    "Highest": "Plus haute",
    "High": "Haute",
    "Normal": "Normale",
    "Low": "Basse",
    "Lowest": "Plus basse",
    "Display name": "Nom métier",
    "Type": "Type",
    "Failed on": "En erreur depuis",
    "Case ID": "Id du cas",
    "Process name (version)": "Nom du processus (version)",
    "Process display name": "Nom métier du processus",
    "No failed flow nodes to display": "Aucun flow node à afficher",
    "Load more flow nodes": "Afficher plus de flow nodes",
    "all versions": "Toutes les versions",
    "Flow node name (Asc)": "Nom de flow node (Asc)",
    "Flow node name (Desc)": "Nom de flow node (Desc)",
    "Failed on (Newest first)": "Date de l'erreur (la plus récente d'abord)",
    "Failed on (Oldest first)": "Date de l'erreur (la plus ancienne d'abord)",
    "View task details": "Voir les détails de la tâche",
    "Pending tasks": "Tâche en attente",
    "Due date": "Echéance",
    "No pending tasks to display": "Aucune tâche à afficher",
    "Load more tasks": "Afficher plus de tâches",
    "Display name (Asc)": "Nom métier (Asc)",
    "Display name (Desc)": "Nom métier (Desc)",
    "Due date (Closest first)": "Echéance (la plus proche d'abord)",
    "Due date (Furthest first)": "Echéance (la plus éloignée d'abord)",
    "Priority (Lowest - Highest)": "Priorité (Plus basse - Plus élevée)",
    "Priority (Highest - Lowest)": "Priorité (Plus élevée - Plus basse)",
    "Done tasks": "Tâches faites",
    "ID (original)": "Id (d'origine)",
    "Done on": "Faite le",
    "No done tasks to display": "Aucune tâche à afficher",
    "Original ID (Asc)": "Id d'origine (ASC)",
    "Original ID (Desc)": "Id d'origine (Desc)",
    "Priority (Asc)": "Priorité (Asc)",
    "Priority (Desc)": "Priorité (Desc)",
    "Done on (Newest first)": "Dernière mise à jour (la plus récente d'abord)",
    "Done on (Oldest first)": "Date d'exécution (la plus ancienne d'abord)",
    "Case ID (Asc)": "Id du cas (Asc)",
    "Case ID (Desc)": "Id du cas (Desc)",
    "Failed flow nodes shown": "Flow nodes en erreur affichés",
    "Pending tasks shown": "Tâches en attente affichées",
    "Done tasks shown": "Tâches faites affichées",
    "This task is overdue": "Cette tâche a expiré",
    "Filter by case ID": "Filtrer par Id de cas",
    "Refresh list": "Actualiser la liste",
    "Title": "Titre",
    "Default label": "Libellé par défaut",
    "Default name": "Nom par défaut",
    "Select": "Sélection",
    "Select an option": "Sélectionnez une option",
    "green": "vert",
    "red": "rouge",
    "blue": "bleu",
    "yes": "oui",
    "no": "non",
    "Id": "Id",
    "Name": "Nom",
    "Description": "Description",
    "Link": "Lien",
    "Submit": "Soumettre",
    "This field is required": "Ce champ est obligatoire",
    "This field length should be larger": "Ce champ doit contenir plus de caractères",
    "This field length should be smaller": "Ce champ doit contenir moins de caractères",
    "This value is too small": "La valeur de ce champ est trop petite",
    "This value is too large": "La valeur de ce champ est trop grande",
    "This is not a valid email": "L'email saisi n'est pas valide",
    "Toggle the text area to HTML source code / Rich text area": "Basculer l'affichage du texte vers HTML / Rich Text",
    "Heading ": "Titre ",
    "Paragraph": "Paragraphe",
    "Preformatted text": "Texte préformaté",
    "Unordered List": "Liste",
    "Ordered List": "Liste numérotée",
    "Quote/unquote selection or paragraph": "Formater le paragraphe ou la sélection en citation",
    "Undo": "Annuler",
    "Redo": "Rétablir",
    "Bold": "Gras",
    "Italic": "Italique",
    "Underline": "Souligné",
    "Strikethrough": "Barré",
    "Align text left": "Aligner le texte à gauche",
    "Align text right": "Aligner le texte à droite",
    "Justify text": "Justifier le texte",
    "Center": "Centrer",
    "Increase indent": "Augmenter l'indentation",
    "Decrease indent": "Diminuer l'indentation",
    "Clear formatting": "Effacer le formatage",
    "Please enter an image URL to insert": "Saisissez l'URL de l'image à insérer",
    "Insert image": "Insérer une image",
    "Insert video": "Insérer une vidéo",
    "Please enter a youtube URL to embed": "Saisissez une URL YouTube à embarquer",
    "Insert / edit link": "Insérer/éditer un lien",
    "Please enter a URL to insert": "Entrez une URL à insérer",
    "Relink": "Changer le lien",
    "Unlink": "Enlever le lien",
    "Open in New Window": "Ouvrir dans une nouvelle fenêtre",
    "Display words Count": "Afficher le nombre de mots",
    "Display characters Count": "Afficher le nombre de caractères",
    "The requested content cannot be loaded.<br />Please try again later.": "Le contenu demandé ne peut pas être téléchargé.<br/> Veuillez réessayer plus tard.",
    "Date": "Date",
    "MM/dd/yyyy": "dd/MM/yyyy",
    "Today": "Aujourd'hui",
    "Now": "Maintenant",
    "Enter a date (mm/dd/yyyy)": "Saisissez une date (jj/mm/aaaa)",
    "Date and time": "Date et heure",
    "h:mm:ss a": "HH:mm:ss",
    "Enter a time (h:mm:ss a)": "Saisissez une heure (hh:mm:ss)",
    "$locale": {
      "DATETIME_FORMATS": {
        "AMPMS": [
          "AM",
          "PM"
        ],
        "DAY": [
          "dimanche",
          "lundi",
          "mardi",
          "mercredi",
          "jeudi",
          "vendredi",
          "samedi"
        ],
        "FIRSTDAYOFWEEK": 1,
        "MONTH": [
          "janvier",
          "février",
          "mars",
          "avril",
          "mai",
          "juin",
          "juillet",
          "août",
          "septembre",
          "octobre",
          "novembre",
          "décembre"
        ],
        "SHORTDAY": [
          "dim.",
          "lun.",
          "mar.",
          "mer.",
          "jeu.",
          "ven.",
          "sam."
        ],
        "SHORTMONTH": [
          "janv.",
          "févr.",
          "mars",
          "avr.",
          "mai",
          "juin",
          "juil.",
          "août",
          "sept.",
          "oct.",
          "nov.",
          "déc."
        ],
        "fullDate": "EEEE d MMMM y",
        "longDate": "d MMMM y",
        "medium": "d MMM y HH:mm:ss",
        "mediumDate": "d MMM y",
        "mediumTime": "HH:mm:ss",
        "short": "dd/MM/y HH:mm",
        "shortDate": "dd/MM/y",
        "shortTime": "HH:mm"
      }
    },
    "Search by name": "Rechercher par nom"
  },
  "es-ES": {
    "ID": "ID",
    "Task list": "Lista de tareas",
    "Failed flow nodes": "Flow Nodes fallidos",
    "All processes": "Todos los procesos",
    "Sort by": "Ordenar por",
    "Search by name or display name": "Buscar por nombre o nombre mostrado",
    "Priority": "Prioridad",
    "Highest": "Más alto",
    "High": "Alta",
    "Normal": "Normal",
    "Low": "Baja",
    "Lowest": "Más bajo",
    "Display name": "Nombre mostrado",
    "Type": "Tipo",
    "Failed on": "Fallo en",
    "Case ID": "ID del caso",
    "Process name (version)": "Nombre del proceso (versión)",
    "Process display name": "Nombre del proceso mostrado",
    "No failed flow nodes to display": "No hay nodos de flujo fallidos para mostrar",
    "Load more flow nodes": "Cargar más flow nodes",
    "all versions": "todas las versiones",
    "Flow node name (Asc)": "Nombre del flow node (Asc)",
    "Flow node name (Desc)": "Nombre del flow node (Desc)",
    "Failed on (Newest first)": "Falló en (más reciente primero)",
    "Failed on (Oldest first)": "Falló en (más antiguo primero)",
    "View task details": "Ver detalles del pedido",
    "Pending tasks": "Tareas pendientes",
    "Due date": "Fecha de vencimiento",
    "No pending tasks to display": "No hay tareas pendientes para mostrar",
    "Load more tasks": "Cargar más tareas",
    "Display name (Asc)": "Nombre mostrado (Asc)",
    "Display name (Desc)": "Nombre mostrado (Desc)",
    "Due date (Closest first)": "Fecha límite (Más próxima primero)",
    "Due date (Furthest first)": "Fecha límite (Más lejana primero)",
    "Priority (Lowest - Highest)": "Prioridad (Más baja - más alta)",
    "Priority (Highest - Lowest)": "Prioridad (Más alta - más baja)",
    "Done tasks": "Tareas completadas",
    "ID (original)": "ID (original)",
    "Done on": "Realizado el",
    "No done tasks to display": "No hay tareas completadas para mostrar",
    "Original ID (Asc)": "ID original (Asc)",
    "Original ID (Desc)": "ID original (Desc)",
    "Priority (Asc)": "Prioridad (Asc)",
    "Priority (Desc)": "Prioridad (Desc)",
    "Done on (Newest first)": "Hecho en (más reciente primero)",
    "Done on (Oldest first)": "Hecho en (más antiguo primero)",
    "Case ID (Asc)": "ID del caso (Asc)",
    "Case ID (Desc)": "ID del caso (Desc)",
    "Failed flow nodes shown": "Flownodes fallidos mostrados\n",
    "Pending tasks shown": "Tareas pendientes mostradas",
    "Done tasks shown": "Tareas completadas mostradas",
    "This task is overdue": "Esta tarea está atrasada",
    "Filter by case ID": "Filtrar por ID de caso",
    "Refresh list": "Actualizar lista",
    "Title": "Título",
    "Default label": "Etiqueta por defecto",
    "Default name": "Nombre por defecto",
    "Select": "Seleccionar",
    "Select an option": "Selecciona una opción",
    "green": "verde",
    "red": "rojo",
    "blue": "azul",
    "yes": "sí",
    "no": "no",
    "Id": "Id",
    "Name": "Nombre",
    "Description": "Descripción",
    "Link": "Enlace",
    "Submit": "Enviar",
    "This field is required": "Este campo es requerido",
    "This field length should be larger": "La longitud de este campo debería ser mayor",
    "This field length should be smaller": "La longitud de este campo debería ser menor",
    "This value is too small": "El valor de este campo es demasiado pequeño",
    "This value is too large": "El valor de este campo es demasiado grande",
    "This is not a valid email": "El email introducido no es válido",
    "Toggle the text area to HTML source code / Rich text area": "Cambiar la zona de texto por código fuente HTML / Área de texto enriquecido",
    "Heading ": "Título",
    "Paragraph": "Parráfo",
    "Preformatted text": "Texto preformateado",
    "Unordered List": "Lista sin ordenar",
    "Ordered List": "Lista ordenada",
    "Quote/unquote selection or paragraph": "Citar / no citar selección o párrafo",
    "Undo": "Deshacer",
    "Redo": "Rehacer",
    "Bold": "Negrita",
    "Italic": "Itálico",
    "Underline": "Subrayado",
    "Strikethrough": "Tachado",
    "Align text left": "Alinear texto a la izquierda",
    "Align text right": "Alinear texto a la derecha",
    "Justify text": "Justifica el texto",
    "Center": "Centrar",
    "Increase indent": "Aumentar sangría",
    "Decrease indent": "Disminuir sangría",
    "Clear formatting": "Borrar el formato",
    "Please enter an image URL to insert": "Por favor ingrese una URL de imagen para insertar",
    "Insert image": "Insertar imagen",
    "Insert video": "Insertar video",
    "Please enter a youtube URL to embed": "Por favor, introduzca una URL de youtube para incrustar",
    "Insert / edit link": "Insertar / editar enlace",
    "Please enter a URL to insert": "Por favor ingrese una URL para insertar",
    "Relink": "Rehacer el enlace",
    "Unlink": "Deshacer el enlace",
    "Open in New Window": "Abrir en una nueva ventana",
    "Display words Count": "Mostrar el número de palabras",
    "Display characters Count": "Mostrar el número de carácteres",
    "The requested content cannot be loaded.<br />Please try again later.": "El contenido solicitado no puede mostrarse.",
    "Today": "Hoy",
    "Now": "Ahora",
    "Date": "Fecha",
    "MM/dd/yyyy": "dd/MM/yyyy",
    "Enter a date (mm/dd/yyyy)": "Introducir una fecha (dd/mm/aaaa)",
    "Date and time": "Fecha y hora",
    "h:mm:ss a": "H:mm:ss",
    "Enter a time (h:mm:ss a)": "Introducir una hora (h:mm:ss)",
    "$locale": {
      "DATETIME_FORMATS": {
        "AMPMS": [
          "a. m.",
          "p. m."
        ],
        "DAY": [
          "domingo",
          "lunes",
          "martes",
          "miércoles",
          "jueves",
          "viernes",
          "sábado"
        ],
        "FIRSTDAYOFWEEK": 0,
        "MONTH": [
          "enero",
          "febrero",
          "marzo",
          "abril",
          "mayo",
          "junio",
          "julio",
          "agosto",
          "septiembre",
          "octubre",
          "noviembre",
          "diciembre"
        ],
        "SHORTDAY": [
          "dom.",
          "lun.",
          "mar.",
          "mié.",
          "jue.",
          "vie.",
          "sáb."
        ],
        "SHORTMONTH": [
          "ene.",
          "feb.",
          "mar.",
          "abr.",
          "may.",
          "jun.",
          "jul.",
          "ago.",
          "sept.",
          "oct.",
          "nov.",
          "dic."
        ],
        "fullDate": "EEEE, d 'de' MMMM 'de' y",
        "longDate": "d 'de' MMMM 'de' y",
        "medium": "d 'de' MMM 'de' y H:mm:ss",
        "mediumDate": "d 'de' MMM 'de' y",
        "mediumTime": "H:mm:ss",
        "short": "d/M/yy H:mm",
        "shortDate": "d/M/yy",
        "shortTime": "H:mm"
      }
    },
    "Search by name": "Busca por nombre"
  },
  "ja-JP": {
    "ID": "ID",
    "Task list": "タスク・リスト",
    "Failed flow nodes": "失敗したフローノード",
    "All processes": "すべてのプロセス",
    "Sort by": "ソート",
    "Search by name or display name": "名前または表示名で検索",
    "Priority": "プライオリティ",
    "Highest": "最高値",
    "High": "高",
    "Normal": "中",
    "Low": "低",
    "Lowest": "最低",
    "Display name": "表示名",
    "Type": "タイプ",
    "Failed on": "失敗した日時",
    "Case ID": "案件ID",
    "Process name (version)": "プロセス名 (バージョン)",
    "Process display name": "プロセスの表示名",
    "No failed flow nodes to display": "表示に失敗したフローノードはありません",
    "Load more flow nodes": "更にフローノードを読み込む",
    "all versions": "すべてのバージョン",
    "Flow node name (Asc)": "フローノード名 (Asc)",
    "Flow node name (Desc)": "フローノード名 (Desc)",
    "Failed on (Newest first)": "失敗しました（新しい順）",
    "Failed on (Oldest first)": "失敗しました（昇順）",
    "View task details": "タスクの詳細を表示",
    "Pending tasks": "未処理のタスク",
    "Due date": "期限",
    "No pending tasks to display": "表示する保留中のタスクはありません",
    "Load more tasks": "さらにタスクを読み込む",
    "Display name (Asc)": "表示名 (Asc)",
    "Display name (Desc)": "表示名 (降順/Desc)",
    "Due date (Closest first)": "期限 (最短)",
    "Due date (Furthest first)": "期限 (最長)",
    "Priority (Lowest - Highest)": "優先度 (最低 - 最高)",
    "Priority (Highest - Lowest)": "優先度 (最高値 - 最低値)",
    "Done tasks": "完了タスク",
    "ID (original)": "ID (オリジナル)",
    "Done on": "実行日時",
    "No done tasks to display": "完了したタスクはありません",
    "Original ID (Asc)": "オリジナル ID (昇順)",
    "Original ID (Desc)": "オリジナルID (降順)",
    "Priority (Asc)": "優先度 (昇順)",
    "Priority (Desc)": "優先度 (降順)",
    "Done on (Newest first)": "完了日時（新しい順）",
    "Done on (Oldest first)": "完了日 (古い順)",
    "Case ID (Asc)": "ケースID (昇順)",
    "Case ID (Desc)": "ケースID（降順）",
    "Failed flow nodes shown": "失敗したフローノードを表示",
    "Pending tasks shown": "保留中のタスクを表示",
    "Done tasks shown": "完了タスクの表示",
    "This task is overdue": "このタスクは期限切れです",
    "Filter by case ID": "ケースIDでフィルター",
    "Refresh list": "Refresh list",
    "Title": "タイトル",
    "Default label": "デフォルト ラベル",
    "Default name": "デフォルト名",
    "Select": "選択",
    "Select an option": "オプションを選択してください",
    "green": "緑",
    "red": "赤",
    "blue": "青",
    "yes": "はい",
    "no": "いいえ",
    "Id": "ID",
    "Name": "名前",
    "Description": "説明",
    "Link": "リンク",
    "Submit": "送信",
    "This field is required": "このフィールドは必須です",
    "This field length should be larger": "このフィールドの長さを大きくする必要があります",
    "This field length should be smaller": "このフィールドの長さを小さくする必要があります",
    "This value is too small": "この値が小さすぎます",
    "This value is too large": "この値が大きすぎます",
    "This is not a valid email": "有効なメールアドレスではありません",
    "Toggle the text area to HTML source code / Rich text area": "テキストエリアをHTMLソースコード/リッチテキストエリアに切り替えます",
    "Heading ": " ",
    "Paragraph": "パラグラフ",
    "Preformatted text": "書式付きテキスト",
    "Unordered List": "順序なしリスト",
    "Ordered List": "順序付きリスト",
    "Quote/unquote selection or paragraph": "選択または段落の引用/引用解除",
    "Undo": "元に戻す",
    "Redo": "やり直し",
    "Bold": "太字",
    "Italic": "斜体",
    "Underline": "下線",
    "Strikethrough": "取り消し線",
    "Align text left": "左揃え",
    "Align text right": "右揃え",
    "Justify text": "均等割り付け",
    "Center": "中央揃え",
    "Increase indent": "インデントを上げる",
    "Decrease indent": "インデントを減らす",
    "Clear formatting": "フォーマットをクリア",
    "Please enter an image URL to insert": "挿入する画像 URL を入力してください",
    "Insert image": "画像を挿入",
    "Insert video": "ビデオを挿入",
    "Please enter a youtube URL to embed": "埋め込むYouTubeのURLを入力してください",
    "Insert / edit link": "リンクの挿入 / 編集",
    "Please enter a URL to insert": "挿入する URL を入力してください",
    "Relink": "再リンク",
    "Unlink": "リンク解除",
    "Open in New Window": "新しいウィンドウで開く",
    "Display words Count": "単語数の表示",
    "Display characters Count": "文字数の表示",
    "The requested content cannot be loaded.<br />Please try again later.": "要求されたコンテンツを読み込むことができません。<br />後でもう一度お試しください。",
    "Today": "今日",
    "Now": "現在",
    "Date": "日付",
    "MM/dd/yyyy": "y/MM/dd",
    "Enter a date (mm/dd/yyyy)": "日付（mm/dd/yyyy）を入力します",
    "Date and time": "日付と時刻",
    "h:mm:ss a": "H:mm:ss",
    "Enter a time (h:mm:ss a)": "時刻を入力 (h:mm:ss a)",
    "$locale": {
      "DATETIME_FORMATS": {
        "AMPMS": [
          "午前",
          "午後"
        ],
        "DAY": [
          "日曜日",
          "月曜日",
          "火曜日",
          "水曜日",
          "木曜日",
          "金曜日",
          "土曜日"
        ],
        "FIRSTDAYOFWEEK": 6,
        "MONTH": [
          "1月",
          "2月",
          "3月",
          "4月",
          "5月",
          "6月",
          "7月",
          "8月",
          "9月",
          "10月",
          "11月",
          "12月"
        ],
        "SHORTDAY": [
          "日",
          "月",
          "火",
          "水",
          "木",
          "金",
          "土"
        ],
        "SHORTMONTH": [
          "1月",
          "2月",
          "3月",
          "4月",
          "5月",
          "6月",
          "7月",
          "8月",
          "9月",
          "10月",
          "11月",
          "12月"
        ],
        "fullDate": "y年M月d日EEEE",
        "longDate": "y年M月d日",
        "medium": "y/MM/dd H:mm:ss",
        "mediumDate": "y/MM/dd",
        "mediumTime": "H:mm:ss",
        "short": "y/MM/dd H:mm",
        "shortDate": "y/MM/dd",
        "shortTime": "H:mm"
      }
    },
    "Search by name": "名前で検索"
  },
  "pt-BR": {
    "ID": "ID",
    "Task list": "Lista de tarefas",
    "Failed flow nodes": "Fluxo de nós falhou",
    "All processes": "Todos os processos",
    "Sort by": "Ordenar por",
    "Search by name or display name": "Pesquisar por nome ou nome de exibição",
    "Priority": "Prioridade",
    "Highest": "Mais alto",
    "High": "Alta",
    "Normal": "Normal",
    "Low": "Baixo",
    "Lowest": "Mais baixo",
    "Display name": "Nome de exibição",
    "Type": "Tipo",
    "Failed on": "Falha em",
    "Case ID": "ID do caso",
    "Process name (version)": "Nome do processo (versão)",
    "Process display name": "Nome de exibição do processo",
    "No failed flow nodes to display": "Nenhum nó de fluxo com falha para exibir",
    "Load more flow nodes": "Carregar mais nós de fluxo",
    "all versions": "todas as versões",
    "Flow node name (Asc)": "Nome do nó Flow (Asc)",
    "Flow node name (Desc)": "Nome do nó Flow (Desc)",
    "Failed on (Newest first)": "Falha em (mais novos primeiro)",
    "Failed on (Oldest first)": "Falha em (mais antigos primeiro)",
    "View task details": "Ver detalhes da tarefa",
    "Pending tasks": "Tarefas pendentes",
    "Due date": "Data de vencimento",
    "No pending tasks to display": "Não há tarefas pendentes para exibir",
    "Load more tasks": "Carregar mais tarefas",
    "Display name (Asc)": "Nome para exibição (ASC)",
    "Display name (Desc)": "Nome para exibição (Desc)",
    "Due date (Closest first)": "Data de vencimento (mais próximo primeiro)",
    "Due date (Furthest first)": "Data de vencimento (Mais longe primeiro)",
    "Priority (Lowest - Highest)": "Prioridade (Mais baixo - Mais alta)",
    "Priority (Highest - Lowest)": "Prioridade (Mais alta - Mais baixa)",
    "Done tasks": "Tarefas feitas",
    "ID (original)": "ID (original)",
    "Done on": "Realizado em",
    "No done tasks to display": "Não há tarefas concluídas para exibir",
    "Original ID (Asc)": "Id original (ASC)",
    "Original ID (Desc)": "Id original (DESC)",
    "Priority (Asc)": "Prioridade (Asc)",
    "Priority (Desc)": "Prioridade (Decrescente)",
    "Done on (Newest first)": "Realizado em (mais novos primeiro)",
    "Done on (Oldest first)": "Feito em (mais antigos primeiro)",
    "Case ID (Asc)": "ID do Caso (Asc)",
    "Case ID (Desc)": "Case ID (Desc)",
    "Failed flow nodes shown": "Fluxo de nós falhados mostrado",
    "Pending tasks shown": "Mostrar tarefas pendentes",
    "Done tasks shown": "Tarefas executadas mostradas",
    "This task is overdue": "Esta tarefa está atrasada",
    "Filter by case ID": "Filtrar por ID de Caso",
    "Refresh list": "Atualizar lista",
    "Title": "Título",
    "Default label": "Etiqueta padrão",
    "Default name": "Nome padrão",
    "Select": "Selecionar",
    "Select an option": "Selecionar uma opção",
    "green": "verde",
    "red": "vermelho",
    "blue": "azul",
    "yes": "sim",
    "no": "não",
    "Id": "ID",
    "Name": "Nome",
    "Description": "Descrição",
    "Link": "Link",
    "Submit": "Submeter",
    "This field is required": "Este campo é requerido",
    "This field length should be larger": "Este comprimento de campo deve ser maior",
    "This field length should be smaller": "Este comprimento do campo deve ser menor",
    "This value is too small": "Este valor é muito pequeno",
    "This value is too large": "Este valor é muito grande",
    "This is not a valid email": "Não é um email válido",
    "Toggle the text area to HTML source code / Rich text area": "Alternar a área de texto para o código-fonte HTML / área de rich text",
    "Heading ": "Título ",
    "Paragraph": "Paragrafo",
    "Preformatted text": "Texto preformatado",
    "Unordered List": "Lista não ordenada",
    "Ordered List": "Lista ordenada",
    "Quote/unquote selection or paragraph": "Marcar / Desmarcar seleção ou parágrafo",
    "Undo": "Desfazer",
    "Redo": "Pronto",
    "Bold": "Negrito",
    "Italic": "Italico",
    "Underline": "Sublinhado",
    "Strikethrough": "Tachado",
    "Align text left": "Alinhar texto a esquerda",
    "Align text right": "Alinhar texto a direita",
    "Justify text": "Texto Justificado",
    "Center": "Centralizado",
    "Increase indent": "Aumentar recuo",
    "Decrease indent": "Diminuir recuo",
    "Clear formatting": "Limpar formatação",
    "Please enter an image URL to insert": "Por favor entre com uma URL para inserir",
    "Insert image": "Inserir imagem",
    "Insert video": "Insereir video",
    "Please enter a youtube URL to embed": "Por favor entre com uma URL para inserir",
    "Insert / edit link": "Inserir / editar link",
    "Please enter a URL to insert": "Por favor entre com uma URL para inserir",
    "Relink": "Relink",
    "Unlink": "Desvincular",
    "Open in New Window": "Abrir em Nova Janela",
    "Display words Count": "Exibir contagem de palavras",
    "Display characters Count": "Exibir contagem de caracteres",
    "The requested content cannot be loaded.<br />Please try again later.": "O conteúdo solicitado não pode ser carregado.<br />Por favor tente mais tarde.",
    "Today": "Hoje",
    "Now": "Agora",
    "Date": "Data",
    "MM/dd/yyyy": "MM/dd/yyyy",
    "Enter a date (mm/dd/yyyy)": "Entre com uma data (mm/dd/yyyy)",
    "Date and time": "Data e hora",
    "h:mm:ss a": "h:mm:ss a",
    "Enter a time (h:mm:ss a)": "Entre com uma hora (h:mm:ss a)",
    "$locale": {
      "DATETIME_FORMATS": {
        "AMPMS": [
          "AM",
          "PM"
        ],
        "DAY": [
          "domingo",
          "segunda-feira",
          "terça-feira",
          "quarta-feira",
          "quinta-feira",
          "sexta-feira",
          "sábado"
        ],
        "FIRSTDAYOFWEEK": 6,
        "MONTH": [
          "janeiro",
          "fevereiro",
          "março",
          "abril",
          "maio",
          "junho",
          "julho",
          "agosto",
          "setembro",
          "outubro",
          "novembro",
          "dezembro"
        ],
        "SHORTDAY": [
          "dom",
          "seg",
          "ter",
          "qua",
          "qui",
          "sex",
          "sáb"
        ],
        "SHORTMONTH": [
          "jan",
          "fev",
          "mar",
          "abr",
          "mai",
          "jun",
          "jul",
          "ago",
          "set",
          "out",
          "nov",
          "dez"
        ],
        "fullDate": "EEEE, d 'de' MMMM 'de' y",
        "longDate": "d 'de' MMMM 'de' y",
        "medium": "d 'de' MMM 'de' y HH:mm:ss",
        "mediumDate": "d 'de' MMM 'de' y",
        "mediumTime": "HH:mm:ss",
        "short": "dd/MM/yy HH:mm",
        "shortDate": "dd/MM/yy",
        "shortTime": "HH:mm"
      }
    },
    "Search by name": "Pesquisar por nome"
  }
}