{
  "fr-FR": {
    "Roles": "Rôles",
    "Create": "Créer",
    "Sort by": "Filtrer par",
    "Search on display name, name, or description": "Rechercher sur le nom métier, le nom ou la description",
    "Display name": "Nom métier",
    "Created on": "Crée le",
    "Updated on": "Mis à jour le",
    "View the list of users mapped to this role": "Voir la liste des utilisateurs associés à ce rôle",
    "Edit role details": "Modifier les détails du rôle",
    "Delete role": "Supprimer le rôle",
    "No description": "Aucune description",
    "Roles shown": "Rôles affichés",
    "No roles to display": "Aucun rôle à afficher",
    "Load more roles": "Afficher plus de rôles",
    "Create a role": "Créer un rôle",
    "An error has occurred. For more information, check the log file.": "Une erreur s'est produite. Pour plus d'informations, consultez les logs.",
    "The role has not been created.": "Le rôle n'a pas été créé.",
    "The role has been successfully created.": "Le rôle a été créé avec succès.",
    "Delete": "Supprimer",
    "Make sure that no user is mapped to this role before you can safely delete it. Their memberships would be lost.": "Assurez-vous que ce rôle n'est associé à aucun(e) utilisateur(trice) avant de le supprimer. Leurs adhésions seraient perdues.",
    "Are you sure you want to delete this role?": "Êtes-vous sûr(e) de vouloir supprimer ce rôle ?",
    "Access denied. For more information, check the log file.": "Accès refusé. Pour plus d'informations, consultez les logs.",
    "The role has not been deleted.": "Le rôle n'a pas été supprimé.",
    "The role has been successfully deleted.": "Le rôle a été supprimé avec succès.",
    "Users mapped to the role": "Utilisateurs associés au rôle",
    "Search on first name, last name or username": "Rechercher un prénom, un nom ou un nom d'utilisateur",
    "First name": "Prénom",
    "Last name": "Nom",
    "Username": "Nom d'utilisateur",
    "View user details": "Voir les détails de l'utilisateur(trice)",
    "Users shown": "Utilisateurs affichés",
    "No users to display": "Aucun utilisateur à afficher",
    "Load more users": "Afficher plus d'utilisateurs",
    "Close": "Fermer",
    "Edit role": "Modifier le rôle",
    "The role does not exist. Reload the page to see the new list of roles.": "Le rôle n'existe pas. Rechargez la page pour consulter la liste à nouveau.",
    "The role has not been updated.": "Le rôle n'a pas été mis à jour.",
    "The role has been successfully updated.": "Le rôle a été mis à jour avec succès.",
    "Save": "Enregistrer",
    "A role with the same name already exists.": "Un rôle avec le même nom existe déjà.",
    "Cancel": "Annuler",
    "Display name (Asc)": "Nom métier (alphabétique)",
    "Display name (Desc)": "Nom métier (inverse alph.)",
    "Name (Asc)": "Nom (alphabétique)",
    "Name (Desc)": "Nom (inverse alph.)",
    "Title": "Titre",
    "Default label": "Libellé par défaut",
    "Default name": "Nom par défaut",
    "Select": "Sélection",
    "Select an option": "Sélectionnez une option",
    "green": "vert",
    "red": "rouge",
    "blue": "bleu",
    "yes": "oui",
    "no": "non",
    "Id": "Id",
    "Name": "Nom",
    "Description": "Description",
    "Link": "Lien",
    "Submit": "Soumettre",
    "This field is required": "Ce champ est obligatoire",
    "This field length should be larger": "Ce champ doit contenir plus de caractères",
    "This field length should be smaller": "Ce champ doit contenir moins de caractères",
    "This value is too small": "La valeur de ce champ est trop petite",
    "This value is too large": "La valeur de ce champ est trop grande",
    "This is not a valid email": "L'email saisi n'est pas valide",
    "Toggle the text area to HTML source code / Rich text area": "Basculer l'affichage du texte vers HTML / Rich Text",
    "Heading ": "Titre ",
    "Paragraph": "Paragraphe",
    "Preformatted text": "Texte préformaté",
    "Unordered List": "Liste",
    "Ordered List": "Liste numérotée",
    "Quote/unquote selection or paragraph": "Formater le paragraphe ou la sélection en citation",
    "Undo": "Annuler",
    "Redo": "Rétablir",
    "Bold": "Gras",
    "Italic": "Italique",
    "Underline": "Souligné",
    "Strikethrough": "Barré",
    "Align text left": "Aligner le texte à gauche",
    "Align text right": "Aligner le texte à droite",
    "Justify text": "Justifier le texte",
    "Center": "Centrer",
    "Increase indent": "Augmenter l'indentation",
    "Decrease indent": "Diminuer l'indentation",
    "Clear formatting": "Effacer le formatage",
    "Please enter an image URL to insert": "Saisissez l'URL de l'image à insérer",
    "Insert image": "Insérer une image",
    "Insert video": "Insérer une vidéo",
    "Please enter a youtube URL to embed": "Saisissez une URL YouTube à embarquer",
    "Insert / edit link": "Insérer/éditer un lien",
    "Please enter a URL to insert": "Entrez une URL à insérer",
    "Relink": "Changer le lien",
    "Unlink": "Enlever le lien",
    "Open in New Window": "Ouvrir dans une nouvelle fenêtre",
    "Display words Count": "Afficher le nombre de mots",
    "Display characters Count": "Afficher le nombre de caractères",
    "The requested content cannot be loaded.<br />Please try again later.": "Le contenu demandé ne peut pas être téléchargé.<br/> Veuillez réessayer plus tard.",
    "Date": "Date",
    "MM/dd/yyyy": "dd/MM/yyyy",
    "Today": "Aujourd'hui",
    "Now": "Maintenant",
    "Enter a date (mm/dd/yyyy)": "Saisissez une date (jj/mm/aaaa)",
    "Date and time": "Date et heure",
    "h:mm:ss a": "HH:mm:ss",
    "Enter a time (h:mm:ss a)": "Saisissez une heure (hh:mm:ss)",
    "$locale": {
      "DATETIME_FORMATS": {
        "AMPMS": [
          "AM",
          "PM"
        ],
        "DAY": [
          "dimanche",
          "lundi",
          "mardi",
          "mercredi",
          "jeudi",
          "vendredi",
          "samedi"
        ],
        "FIRSTDAYOFWEEK": 1,
        "MONTH": [
          "janvier",
          "février",
          "mars",
          "avril",
          "mai",
          "juin",
          "juillet",
          "août",
          "septembre",
          "octobre",
          "novembre",
          "décembre"
        ],
        "SHORTDAY": [
          "dim.",
          "lun.",
          "mar.",
          "mer.",
          "jeu.",
          "ven.",
          "sam."
        ],
        "SHORTMONTH": [
          "janv.",
          "févr.",
          "mars",
          "avr.",
          "mai",
          "juin",
          "juil.",
          "août",
          "sept.",
          "oct.",
          "nov.",
          "déc."
        ],
        "fullDate": "EEEE d MMMM y",
        "longDate": "d MMMM y",
        "medium": "d MMM y HH:mm:ss",
        "mediumDate": "d MMM y",
        "mediumTime": "HH:mm:ss",
        "short": "dd/MM/y HH:mm",
        "shortDate": "dd/MM/y",
        "shortTime": "HH:mm"
      }
    }
  },
  "es-ES": {
    "Roles": "Roles",
    "Create": "Crear",
    "Sort by": "Ordenar por",
    "Search on display name, name, or description": "Buscar al mostrar nombre, nombre o descripción",
    "Display name": "Nombre mostrado",
    "Created on": "Creado el",
    "Updated on": "Actualizado el",
    "View the list of users mapped to this role": "Ver la lista de usuarios asignados a este rol",
    "Edit role details": "Editar detalles del rol",
    "Delete role": "Eliminar rol",
    "No description": "Sin descripción",
    "Roles shown": "Rol mostrado",
    "No roles to display": "No hay roles para mostrar",
    "Load more roles": "Cargar más roles",
    "Create a role": "Crear un rol",
    "An error has occurred. For more information, check the log file.": "Ha ocurrido un error. Para más información, compruebe el archivo de registro.",
    "The role has not been created.": "El rol no ha sido creado.",
    "The role has been successfully created.": "El rol se ha creado correctamente.",
    "Delete": "Eliminar",
    "Make sure that no user is mapped to this role before you can safely delete it. Their memberships would be lost.": "Asegúrese de que ningún usuario está asignado a este rol antes de que pueda borrarlo con seguridad. Sus membresías se perderían.",
    "Are you sure you want to delete this role?": "¿Está seguro que desea eliminar este rol?",
    "Access denied. For more information, check the log file.": "Acceso denegado. Para obtener más información, consulte el archivo de log.",
    "The role has not been deleted.": "El archivo ha sido borrado.",
    "The role has been successfully deleted.": "El rol se ha eliminado correctamente.",
    "Users mapped to the role": "Usuarios asignados al rol",
    "Search on first name, last name or username": "Buscar en nombre, apellido o nombre de usuario",
    "First name": "Nombre",
    "Last name": "Apellido",
    "Username": "Nombre de Usuario",
    "View user details": "Ver detalles del usuario",
    "Users shown": "Usuarios mostrados",
    "No users to display": "No hay usuarios para mostrar",
    "Load more users": "Cargar más usuarios",
    "Close": "Cerrar",
    "Edit role": "Editar rol",
    "The role does not exist. Reload the page to see the new list of roles.": "El rol no existe. Recarga la página para ver la nueva lista de roles.",
    "The role has not been updated.": "El rol no ha sido actualizado.",
    "The role has been successfully updated.": "El rol se ha actualizado correctamente.",
    "Save": "Guardar",
    "A role with the same name already exists.": "Ya existe un rol con el mismo nombre.",
    "Cancel": "Cancelar",
    "Display name (Asc)": "Nombre mostrado (Asc)",
    "Display name (Desc)": "Nombre mostrado (Desc)",
    "Name (Asc)": "Nombre (Asc)",
    "Name (Desc)": "Name (Desc)",
    "Title": "Título",
    "Default label": "Etiqueta por defecto",
    "Default name": "Nombre por defecto",
    "Select": "Seleccionar",
    "Select an option": "Selecciona una opción",
    "green": "verde",
    "red": "rojo",
    "blue": "azul",
    "yes": "sí",
    "no": "no",
    "Id": "Id",
    "Name": "Nombre",
    "Description": "Descripción",
    "Link": "Enlace",
    "Submit": "Enviar",
    "This field is required": "Este campo es requerido",
    "This field length should be larger": "La longitud de este campo debería ser mayor",
    "This field length should be smaller": "La longitud de este campo debería ser menor",
    "This value is too small": "El valor de este campo es demasiado pequeño",
    "This value is too large": "El valor de este campo es demasiado grande",
    "This is not a valid email": "El email introducido no es válido",
    "Toggle the text area to HTML source code / Rich text area": "Cambiar la zona de texto por código fuente HTML / Área de texto enriquecido",
    "Heading ": "Título",
    "Paragraph": "Parráfo",
    "Preformatted text": "Texto preformateado",
    "Unordered List": "Lista sin ordenar",
    "Ordered List": "Lista ordenada",
    "Quote/unquote selection or paragraph": "Citar / no citar selección o párrafo",
    "Undo": "Deshacer",
    "Redo": "Rehacer",
    "Bold": "Negrita",
    "Italic": "Itálico",
    "Underline": "Subrayado",
    "Strikethrough": "Tachado",
    "Align text left": "Alinear texto a la izquierda",
    "Align text right": "Alinear texto a la derecha",
    "Justify text": "Justifica el texto",
    "Center": "Centrar",
    "Increase indent": "Aumentar sangría",
    "Decrease indent": "Disminuir sangría",
    "Clear formatting": "Borrar el formato",
    "Please enter an image URL to insert": "Por favor ingrese una URL de imagen para insertar",
    "Insert image": "Insertar imagen",
    "Insert video": "Insertar video",
    "Please enter a youtube URL to embed": "Por favor, introduzca una URL de youtube para incrustar",
    "Insert / edit link": "Insertar / editar enlace",
    "Please enter a URL to insert": "Por favor ingrese una URL para insertar",
    "Relink": "Rehacer el enlace",
    "Unlink": "Deshacer el enlace",
    "Open in New Window": "Abrir en una nueva ventana",
    "Display words Count": "Mostrar el número de palabras",
    "Display characters Count": "Mostrar el número de carácteres",
    "The requested content cannot be loaded.<br />Please try again later.": "El contenido solicitado no puede mostrarse.",
    "Today": "Hoy",
    "Now": "Ahora",
    "Date": "Fecha",
    "MM/dd/yyyy": "dd/MM/yyyy",
    "Enter a date (mm/dd/yyyy)": "Introducir una fecha (dd/mm/aaaa)",
    "Date and time": "Fecha y hora",
    "h:mm:ss a": "H:mm:ss",
    "Enter a time (h:mm:ss a)": "Introducir una hora (h:mm:ss)",
    "$locale": {
      "DATETIME_FORMATS": {
        "AMPMS": [
          "a. m.",
          "p. m."
        ],
        "DAY": [
          "domingo",
          "lunes",
          "martes",
          "miércoles",
          "jueves",
          "viernes",
          "sábado"
        ],
        "FIRSTDAYOFWEEK": 0,
        "MONTH": [
          "enero",
          "febrero",
          "marzo",
          "abril",
          "mayo",
          "junio",
          "julio",
          "agosto",
          "septiembre",
          "octubre",
          "noviembre",
          "diciembre"
        ],
        "SHORTDAY": [
          "dom.",
          "lun.",
          "mar.",
          "mié.",
          "jue.",
          "vie.",
          "sáb."
        ],
        "SHORTMONTH": [
          "ene.",
          "feb.",
          "mar.",
          "abr.",
          "may.",
          "jun.",
          "jul.",
          "ago.",
          "sept.",
          "oct.",
          "nov.",
          "dic."
        ],
        "fullDate": "EEEE, d 'de' MMMM 'de' y",
        "longDate": "d 'de' MMMM 'de' y",
        "medium": "d 'de' MMM 'de' y H:mm:ss",
        "mediumDate": "d 'de' MMM 'de' y",
        "mediumTime": "H:mm:ss",
        "short": "d/M/yy H:mm",
        "shortDate": "d/M/yy",
        "shortTime": "H:mm"
      }
    }
  },
  "ja-JP": {
    "Roles": "ロール",
    "Create": "作成",
    "Sort by": "ソート",
    "Search on display name, name, or description": "表示名、名前、説明で検索",
    "Display name": "表示名",
    "Created on": "作成日時",
    "Updated on": "更新日時",
    "View the list of users mapped to this role": "この役割にマップされているユーザーのリストを表示します",
    "Edit role details": "ロールの詳細を編集",
    "Delete role": "ロールを削除",
    "No description": "説明はありません",
    "Roles shown": "ロールの表示",
    "No roles to display": "表示するロールがありません",
    "Load more roles": "さらにロールを読み込む",
    "Create a role": "ロールを作成",
    "An error has occurred. For more information, check the log file.": "エラーが発生しました。詳細はログファイルを確認してください。",
    "The role has not been created.": "ロールが作成されていません。",
    "The role has been successfully created.": "ロールが正常に作成されました。",
    "Delete": "削除",
    "Make sure that no user is mapped to this role before you can safely delete it. Their memberships would be lost.": "安全に削除する前に、この役割にユーザーが割り当てられていないことを確認してください。メンバーシップは失われます。",
    "Are you sure you want to delete this role?": "このロールを削除してもよろしいですか？",
    "Access denied. For more information, check the log file.": "アクセスが拒否されました。詳細についてはログファイルを確認してください。",
    "The role has not been deleted.": "ロールは削除されていません。",
    "The role has been successfully deleted.": "ロールが正常に削除されました。",
    "Users mapped to the role": "ロールにマップされているユーザー",
    "Search on first name, last name or username": "姓、姓またはユーザー名で検索",
    "First name": "名",
    "Last name": "名字",
    "Username": "ユーザー名",
    "View user details": "ユーザー詳細の表示",
    "Users shown": "表示されたユーザー",
    "No users to display": "No users to display",
    "Load more users": "より多くのユーザーを読み込む",
    "Close": "閉じる",
    "Edit role": "ロール編集",
    "The role does not exist. Reload the page to see the new list of roles.": "ロールが存在しません。新しいロールのリストを表示するには、ページを再読み込みしてください。",
    "The role has not been updated.": "ロールが更新されていません。",
    "The role has been successfully updated.": "ロールが正常に更新されました。",
    "Save": "セーブ",
    "A role with the same name already exists.": "同じ名前のロールが既に存在します。",
    "Cancel": "キヤンセル",
    "Display name (Asc)": "表示名 (昇順)",
    "Display name (Desc)": "表示名 (降順)",
    "Name (Asc)": "名前 (昇順)",
    "Name (Desc)": "Name (降順)",
    "Title": "タイトル",
    "Default label": "デフォルト ラベル",
    "Default name": "デフォルト名",
    "Select": "選択",
    "Select an option": "オプションを選択してください",
    "green": "緑",
    "red": "赤",
    "blue": "青",
    "yes": "はい",
    "no": "いいえ",
    "Id": "ID",
    "Name": "名前",
    "Description": "説明",
    "Link": "リンク",
    "Submit": "送信",
    "This field is required": "このフィールドは必須項目です",
    "This field length should be larger": "このフィールドの長さを大きくする必要があります",
    "This field length should be smaller": "このフィールドの長さを小さくする必要があります",
    "This value is too small": "この値が小さすぎます",
    "This value is too large": "この値は大きすぎます",
    "This is not a valid email": "これは有効なメールアドレスではありません",
    "Toggle the text area to HTML source code / Rich text area": "テキストエリアをHTMLソースコード/リッチテキストエリアに切り替えます",
    "Heading ": " ",
    "Paragraph": "パラグラフ",
    "Preformatted text": "書式付きテキスト",
    "Unordered List": "順序なしリスト",
    "Ordered List": "順序付きリスト",
    "Quote/unquote selection or paragraph": "選択または段落の引用/引用解除",
    "Undo": "元に戻す",
    "Redo": "やり直し",
    "Bold": "太字",
    "Italic": "斜体",
    "Underline": "下線",
    "Strikethrough": "取り消し線",
    "Align text left": "左揃え",
    "Align text right": "右揃え",
    "Justify text": "均等割り付け",
    "Center": "中央揃え",
    "Increase indent": "インデントを上げる",
    "Decrease indent": "インデントを減らす",
    "Clear formatting": "フォーマットをクリア",
    "Please enter an image URL to insert": "挿入する画像 URL を入力してください",
    "Insert image": "画像を挿入",
    "Insert video": "ビデオを挿入",
    "Please enter a youtube URL to embed": "埋め込むYouTubeのURLを入力してください",
    "Insert / edit link": "リンクの挿入 / 編集",
    "Please enter a URL to insert": "挿入する URL を入力してください",
    "Relink": "再リンク",
    "Unlink": "リンクを解除",
    "Open in New Window": "新しいウィンドウに開く",
    "Display words Count": "単語数の表示",
    "Display characters Count": "文字数の表示",
    "The requested content cannot be loaded.<br />Please try again later.": "要求されたコンテンツを読み込むことができません。<br />後でもう一度お試しください。",
    "Today": "今日",
    "Now": "現在",
    "Date": "日付",
    "MM/dd/yyyy": "y/MM/dd",
    "Enter a date (mm/dd/yyyy)": "日付（mm/dd/yyyy）を入力します",
    "Date and time": "日付と時刻",
    "h:mm:ss a": "H:mm:ss",
    "Enter a time (h:mm:ss a)": "時刻を入力 (h:mm:ss a)",
    "$locale": {
      "DATETIME_FORMATS": {
        "AMPMS": [
          "午前",
          "午後"
        ],
        "DAY": [
          "日曜日",
          "月曜日",
          "火曜日",
          "水曜日",
          "木曜日",
          "金曜日",
          "土曜日"
        ],
        "FIRSTDAYOFWEEK": 6,
        "MONTH": [
          "1月",
          "2月",
          "3月",
          "4月",
          "5月",
          "6月",
          "7月",
          "8月",
          "9月",
          "10月",
          "11月",
          "12月"
        ],
        "SHORTDAY": [
          "日",
          "月",
          "火",
          "水",
          "木",
          "金",
          "土"
        ],
        "SHORTMONTH": [
          "1月",
          "2月",
          "3月",
          "4月",
          "5月",
          "6月",
          "7月",
          "8月",
          "9月",
          "10月",
          "11月",
          "12月"
        ],
        "fullDate": "y年M月d日EEEE",
        "longDate": "y年M月d日",
        "medium": "y/MM/dd H:mm:ss",
        "mediumDate": "y/MM/dd",
        "mediumTime": "H:mm:ss",
        "short": "y/MM/dd H:mm",
        "shortDate": "y/MM/dd",
        "shortTime": "H:mm"
      }
    }
  },
  "pt-BR": {
    "Roles": "Funções",
    "Create": "Criar",
    "Sort by": "Ordenar por",
    "Search on display name, name, or description": "Pesquisar no nome, nome ou descrição de exibição",
    "Display name": "Nome de exibição",
    "Created on": "Criado em",
    "Updated on": "Atualizado em",
    "View the list of users mapped to this role": "Ver a lista de usuários mapeados para esta função",
    "Edit role details": "Editar detalhes da função",
    "Delete role": "Excluir função",
    "No description": "Sem descrição",
    "Roles shown": "Papéis mostrados",
    "No roles to display": "Nenhuma função para exibir",
    "Load more roles": "Carregar mais papéis",
    "Create a role": "Criar uma função",
    "An error has occurred. For more information, check the log file.": "Ocorreu um erro. Para mais informações, verifique o arquivo de log.",
    "The role has not been created.": "O cargo não foi criado.",
    "The role has been successfully created.": "O papel foi criado com sucesso.",
    "Delete": "Excluir",
    "Make sure that no user is mapped to this role before you can safely delete it. Their memberships would be lost.": "Certifique-se de que nenhum usuário seja mapeado para esta função antes de você poder excluí-la com segurança. Os membros dela serão perdidos.",
    "Are you sure you want to delete this role?": "Tem certeza de que deseja excluir esta função?",
    "Access denied. For more information, check the log file.": "Acesso negado. Para mais informações, verifique o arquivo de log.",
    "The role has not been deleted.": "O cargo não foi excluído.",
    "The role has been successfully deleted.": "O cargo foi excluído com sucesso.",
    "Users mapped to the role": "Usuários mapeados para a função",
    "Search on first name, last name or username": "Pesquisar no primeiro nome, sobrenome, ou nome de usuário",
    "First name": "Primeiro nome",
    "Last name": "Último Nome",
    "Username": "Nome de usuário",
    "View user details": "Ver detalhes do usuário",
    "Users shown": "Mostrar usuários",
    "No users to display": "Nenhum usuário para exibir",
    "Load more users": "Carregar mais usuários",
    "Close": "Fechar",
    "Edit role": "Editar função",
    "The role does not exist. Reload the page to see the new list of roles.": "A função não existe. Recarregue a página para ver a nova lista de papéis.",
    "The role has not been updated.": "A função não foi atualizada.",
    "The role has been successfully updated.": "A função foi atualizada com sucesso.",
    "Save": "Salvar",
    "A role with the same name already exists.": "Uma função com o mesmo nome já existe.",
    "Cancel": "Cancelar",
    "Display name (Asc)": "Nome para exibição (ASC)",
    "Display name (Desc)": "Nome para exibição (Desc)",
    "Name (Asc)": "Nome (Asc)",
    "Name (Desc)": "Nome (Desc)",
    "Title": "Título",
    "Default label": "Etiqueta padrão",
    "Default name": "Nome padrão",
    "Select": "Selecionar",
    "Select an option": "Selecionar uma opção",
    "green": "verde",
    "red": "vermelho",
    "blue": "azul",
    "yes": "sim",
    "no": "não",
    "Id": "ID",
    "Name": "Nome",
    "Description": "Descrição",
    "Link": "Link",
    "Submit": "Submeter",
    "This field is required": "Este campo é requerido",
    "This field length should be larger": "Este comprimento de campo deve ser maior",
    "This field length should be smaller": "Este comprimento do campo deve ser menor",
    "This value is too small": "Este valor é muito pequeno",
    "This value is too large": "Este valor é muito grande",
    "This is not a valid email": "Não é um email válido",
    "Toggle the text area to HTML source code / Rich text area": "Alternar a área de texto para o código-fonte HTML / área de rich text",
    "Heading ": "Título ",
    "Paragraph": "Paragrafo",
    "Preformatted text": "Texto preformatado",
    "Unordered List": "Lista não ordenada",
    "Ordered List": "Lista ordenada",
    "Quote/unquote selection or paragraph": "Marcar / Desmarcar seleção ou parágrafo",
    "Undo": "Desfazer",
    "Redo": "Pronto",
    "Bold": "Negrito",
    "Italic": "Italico",
    "Underline": "Sublinhado",
    "Strikethrough": "Tachado",
    "Align text left": "Alinhar texto a esquerda",
    "Align text right": "Alinhar texto a direita",
    "Justify text": "Texto Justificado",
    "Center": "Centralizado",
    "Increase indent": "Aumentar recuo",
    "Decrease indent": "Diminuir recuo",
    "Clear formatting": "Limpar formatação",
    "Please enter an image URL to insert": "Por favor entre com uma URL para inserir",
    "Insert image": "Inserir imagem",
    "Insert video": "Insereir video",
    "Please enter a youtube URL to embed": "Por favor entre com uma URL para inserir",
    "Insert / edit link": "Inserir / editar link",
    "Please enter a URL to insert": "Por favor entre com uma URL para inserir",
    "Relink": "Relink",
    "Unlink": "Desvincular",
    "Open in New Window": "Abrir em Nova Janela",
    "Display words Count": "Exibir contagem de palavras",
    "Display characters Count": "Exibir contagem de caracteres",
    "The requested content cannot be loaded.<br />Please try again later.": "O conteúdo solicitado não pode ser carregado.<br />Por favor tente mais tarde.",
    "Today": "Hoje",
    "Now": "Agora",
    "Date": "Data",
    "MM/dd/yyyy": "MM/dd/yyyy",
    "Enter a date (mm/dd/yyyy)": "Entre com uma data (mm/dd/yyyy)",
    "Date and time": "Data e hora",
    "h:mm:ss a": "h:mm:ss a",
    "Enter a time (h:mm:ss a)": "Entre com uma hora (h:mm:ss a)",
    "$locale": {
      "DATETIME_FORMATS": {
        "AMPMS": [
          "AM",
          "PM"
        ],
        "DAY": [
          "domingo",
          "segunda-feira",
          "terça-feira",
          "quarta-feira",
          "quinta-feira",
          "sexta-feira",
          "sábado"
        ],
        "FIRSTDAYOFWEEK": 6,
        "MONTH": [
          "janeiro",
          "fevereiro",
          "março",
          "abril",
          "maio",
          "junho",
          "julho",
          "agosto",
          "setembro",
          "outubro",
          "novembro",
          "dezembro"
        ],
        "SHORTDAY": [
          "dom",
          "seg",
          "ter",
          "qua",
          "qui",
          "sex",
          "sáb"
        ],
        "SHORTMONTH": [
          "jan",
          "fev",
          "mar",
          "abr",
          "mai",
          "jun",
          "jul",
          "ago",
          "set",
          "out",
          "nov",
          "dez"
        ],
        "fullDate": "EEEE, d 'de' MMMM 'de' y",
        "longDate": "d 'de' MMMM 'de' y",
        "medium": "d 'de' MMM 'de' y HH:mm:ss",
        "mediumDate": "d 'de' MMM 'de' y",
        "mediumTime": "HH:mm:ss",
        "short": "dd/MM/yy HH:mm",
        "shortDate": "dd/MM/yy",
        "shortTime": "HH:mm"
      }
    }
  }
}