{
  "fr-FR": {
    "Sign in": "Se connecter",
    "User icon": "icône utilisateur",
    "User details": "Détails de l'utilisateur",
    "Username": "Nom d'utilisateur",
    "Email": "Email",
    "Language": "Langue",
    "Select a language": "Sélectionnez la langue",
    "Apply": "Appliquer",
    "Sign out": "Se déconnecter",
    "Close": "Fermer",
    "Application List": "Liste des applications",
    "Search by application name, display name, version or URL": "Recherche par nom d'application, nom d'affichage, version ou URL",
    "Applications shown": "Applications affichées",
    "No applications to display": "Aucune application à afficher",
    "Load more applications": "Charger plus d'applications",
    "Super administrator": "Super administrateur",
    "All profiles": "Tous les profils",
    "Search on name, version or URL": "Recherche par nom, version ou URL",
    "No application available using these filters": "Aucune application ne répond à ces critères de filtre",
    "Version : {{$item.version}}": "Version : {{$item.version}}",
    "Title": "Titre",
    "Default label": "Libellé par défaut",
    "Default name": "Nom par défaut",
    "Select": "Sélection",
    "Select an option": "Sélectionnez une option",
    "green": "vert",
    "red": "rouge",
    "blue": "bleu",
    "yes": "oui",
    "no": "non",
    "Id": "Id",
    "Name": "Nom",
    "Description": "Description",
    "Link": "Lien",
    "Submit": "Soumettre",
    "This field is required": "Ce champ est obligatoire",
    "This field length should be larger": "Ce champ doit contenir plus de caractères",
    "This field length should be smaller": "Ce champ doit contenir moins de caractères",
    "This value is too small": "La valeur de ce champ est trop petite",
    "This value is too large": "La valeur de ce champ est trop grande",
    "This is not a valid email": "L'email saisi n'est pas valide",
    "Toggle the text area to HTML source code / Rich text area": "Basculer l'affichage du texte vers HTML / Rich Text",
    "Heading ": "Titre ",
    "Paragraph": "Paragraphe",
    "Preformatted text": "Texte préformaté",
    "Unordered List": "Liste",
    "Ordered List": "Liste numérotée",
    "Quote/unquote selection or paragraph": "Formater le paragraphe ou la sélection en citation",
    "Undo": "Annuler",
    "Redo": "Rétablir",
    "Bold": "Gras",
    "Italic": "Italique",
    "Underline": "Souligné",
    "Strikethrough": "Barré",
    "Align text left": "Aligner le texte à gauche",
    "Align text right": "Aligner le texte à droite",
    "Justify text": "Justifier le texte",
    "Center": "Centrer",
    "Increase indent": "Augmenter l'indentation",
    "Decrease indent": "Diminuer l'indentation",
    "Clear formatting": "Effacer le formatage",
    "Please enter an image URL to insert": "Saisissez l'URL de l'image à insérer",
    "Insert image": "Insérer une image",
    "Insert video": "Insérer une vidéo",
    "Please enter a youtube URL to embed": "Saisissez une URL YouTube à embarquer",
    "Insert / edit link": "Insérer/éditer un lien",
    "Please enter a URL to insert": "Entrez une URL à insérer",
    "Relink": "Changer le lien",
    "Unlink": "Enlever le lien",
    "Open in New Window": "Ouvrir dans une nouvelle fenêtre",
    "Display words Count": "Afficher le nombre de mots",
    "Display characters Count": "Afficher le nombre de caractères",
    "The requested content cannot be loaded.<br />Please try again later.": "Le contenu demandé ne peut pas être téléchargé.<br/> Veuillez réessayer plus tard.",
    "Date": "Date",
    "MM/dd/yyyy": "dd/MM/yyyy",
    "Today": "Aujourd'hui",
    "Now": "Maintenant",
    "Enter a date (mm/dd/yyyy)": "Saisissez une date (jj/mm/aaaa)",
    "Date and time": "Date et heure",
    "h:mm:ss a": "HH:mm:ss",
    "Enter a time (h:mm:ss a)": "Saisissez une heure (hh:mm:ss)",
    "$locale": {
      "DATETIME_FORMATS": {
        "AMPMS": [
          "AM",
          "PM"
        ],
        "DAY": [
          "dimanche",
          "lundi",
          "mardi",
          "mercredi",
          "jeudi",
          "vendredi",
          "samedi"
        ],
        "FIRSTDAYOFWEEK": 1,
        "MONTH": [
          "janvier",
          "février",
          "mars",
          "avril",
          "mai",
          "juin",
          "juillet",
          "août",
          "septembre",
          "octobre",
          "novembre",
          "décembre"
        ],
        "SHORTDAY": [
          "dim.",
          "lun.",
          "mar.",
          "mer.",
          "jeu.",
          "ven.",
          "sam."
        ],
        "SHORTMONTH": [
          "janv.",
          "févr.",
          "mars",
          "avr.",
          "mai",
          "juin",
          "juil.",
          "août",
          "sept.",
          "oct.",
          "nov.",
          "déc."
        ],
        "fullDate": "EEEE d MMMM y",
        "longDate": "d MMMM y",
        "medium": "d MMM y HH:mm:ss",
        "mediumDate": "d MMM y",
        "mediumTime": "HH:mm:ss",
        "short": "dd/MM/y HH:mm",
        "shortDate": "dd/MM/y",
        "shortTime": "HH:mm"
      }
    },
    "BPM": "BPM",
    "Monitoring": "Monitoring",
    "Processes": "Processus",
    "Cases": "Cas",
    "Tasks": "Tâches",
    "Organization": "Organisation",
    "Users": "Utilisateurs",
    "Groups": "Groupes",
    "Roles": "Rôles",
    "Install / Export": "Installer / Exporter",
    "Profiles": "Profils",
    "BDM": "BDM",
    "Resources": "Ressources",
    "Applications": "Applications",
    "License": "Licence",
    "BPM services": "Services BPM"
  },
  "es-ES": {
    "Sign in": "Iniciar sesión",
    "User icon": "Icono de usuario",
    "User details": "Detalles del usuario",
    "Username": "Nombre de usuario",
    "Email": "Correo Electrónico",
    "Language": "Idioma",
    "Select a language": "Seleccione un idioma",
    "Apply": "Aplicar",
    "Sign out": "Cerrar sesión",
    "Close": "Cerrar",
    "Application List": "Lista de applicaciones",
    "Search by application name, display name, version or URL": "Buscar por nombre de la aplicación, nombre para mostrar, versión o URL",
    "Applications shown": "Aplicaciones mostradas",
    "No applications to display": "No hay aplicaciones para mostrar",
    "Load more applications": "Cargar más aplicaciones",
    "Super administrator": "Super administrador",
    "All profiles": "Todos los perfiles",
    "Search on name, version or URL": "Buscar por nombre, versión o URL",
    "No application available using these filters": "No existe ninguna aplicación con estos filtros",
    "Version : {{$item.version}}": "Versión : {{$item.version}}",
    "Title": "Título",
    "Default label": "Etiqueta por defecto",
    "Default name": "Nombre por defecto",
    "Select": "Seleccionar",
    "Select an option": "Selecciona una opción",
    "green": "verde",
    "red": "rojo",
    "blue": "azul",
    "yes": "sí",
    "no": "no",
    "Id": "Id",
    "Name": "Nombre",
    "Description": "Descripción",
    "Link": "Enlace",
    "Submit": "Enviar",
    "This field is required": "Este campo es requerido",
    "This field length should be larger": "La longitud de este campo debería ser mayor",
    "This field length should be smaller": "La longitud de este campo debería ser menor",
    "This value is too small": "El valor de este campo es demasiado pequeño",
    "This value is too large": "El valor de este campo es demasiado grande",
    "This is not a valid email": "El email introducido no es válido",
    "Toggle the text area to HTML source code / Rich text area": "Cambiar la zona de texto por código fuente HTML / Área de texto enriquecido",
    "Heading ": "Título",
    "Paragraph": "Parráfo",
    "Preformatted text": "Texto preformateado",
    "Unordered List": "Lista sin ordenar",
    "Ordered List": "Lista ordenada",
    "Quote/unquote selection or paragraph": "Citar / no citar selección o párrafo",
    "Undo": "Deshacer",
    "Redo": "Rehacer",
    "Bold": "Negrita",
    "Italic": "Itálico",
    "Underline": "Subrayado",
    "Strikethrough": "Tachado",
    "Align text left": "Alinear texto a la izquierda",
    "Align text right": "Alinear texto a la derecha",
    "Justify text": "Justifica el texto",
    "Center": "Centrar",
    "Increase indent": "Aumentar sangría",
    "Decrease indent": "Disminuir sangría",
    "Clear formatting": "Borrar el formato",
    "Please enter an image URL to insert": "Por favor ingrese una URL de imagen para insertar",
    "Insert image": "Insertar imagen",
    "Insert video": "Insertar video",
    "Please enter a youtube URL to embed": "Por favor, introduzca una URL de youtube para incrustar",
    "Insert / edit link": "Insertar / editar enlace",
    "Please enter a URL to insert": "Por favor ingrese una URL para insertar",
    "Relink": "Rehacer el enlace",
    "Unlink": "Deshacer el enlace",
    "Open in New Window": "Abrir en una nueva ventana",
    "Display words Count": "Mostrar el número de palabras",
    "Display characters Count": "Mostrar el número de carácteres",
    "The requested content cannot be loaded.<br />Please try again later.": "El contenido solicitado no puede mostrarse.<br />Por favor, intente otra vez más tarde",
    "Today": "Hoy",
    "Now": "Ahora",
    "Date": "Fecha",
    "MM/dd/yyyy": "dd/MM/yyyy",
    "Enter a date (mm/dd/yyyy)": "Introducir una fecha (dd/mm/aaaa)",
    "Date and time": "Fecha y hora",
    "h:mm:ss a": "H:mm:ss",
    "Enter a time (h:mm:ss a)": "Introducir una hora (h:mm:ss)",
    "$locale": {
      "DATETIME_FORMATS": {
        "AMPMS": [
          "a. m.",
          "p. m."
        ],
        "DAY": [
          "domingo",
          "lunes",
          "martes",
          "miércoles",
          "jueves",
          "viernes",
          "sábado"
        ],
        "FIRSTDAYOFWEEK": 0,
        "MONTH": [
          "enero",
          "febrero",
          "marzo",
          "abril",
          "mayo",
          "junio",
          "julio",
          "agosto",
          "septiembre",
          "octubre",
          "noviembre",
          "diciembre"
        ],
        "SHORTDAY": [
          "dom.",
          "lun.",
          "mar.",
          "mié.",
          "jue.",
          "vie.",
          "sáb."
        ],
        "SHORTMONTH": [
          "ene.",
          "feb.",
          "mar.",
          "abr.",
          "may.",
          "jun.",
          "jul.",
          "ago.",
          "sept.",
          "oct.",
          "nov.",
          "dic."
        ],
        "fullDate": "EEEE, d 'de' MMMM 'de' y",
        "longDate": "d 'de' MMMM 'de' y",
        "medium": "d 'de' MMM 'de' y H:mm:ss",
        "mediumDate": "d 'de' MMM 'de' y",
        "mediumTime": "H:mm:ss",
        "short": "d/M/yy H:mm",
        "shortDate": "d/M/yy",
        "shortTime": "H:mm"
      }
    },
    "BPM": "BPM",
    "Monitoring": "Monitorización",
    "Processes": "Procesos",
    "Cases": "Casos",
    "Tasks": "Tareas",
    "Organization": "Organización",
    "Users": "Usuarios",
    "Groups": "Grupos",
    "Roles": "Roles",
    "Install / Export": "Instalar / Exportar",
    "Profiles": "Perfiles",
    "BDM": "BDM",
    "Resources": "Recursos",
    "Applications": "Aplicaciones",
    "License": "Licencia",
    "BPM services": "Servicios BPM"
  },
  "ja-JP": {
    "Sign in": "サインイン",
    "User icon": "ユーザーアイコン",
    "User details": "ユーザー情報",
    "Username": "利用者名",
    "Email": "Eメール",
    "Language": "言語",
    "Select a language": "言語の選択",
    "Apply": "適用",
    "Sign out": "サインアウト",
    "Close": "閉じる",
    "Application List": "アプリケーション リスト",
    "Search by application name, display name, version or URL": "アプリケーション名、表示名、バージョン、URL で検索",
    "Applications shown": "表示されたアプリケーション",
    "No applications to display": "表示するアプリケーションがありません",
    "Load more applications": "アプリケーションをさらに読み込む",
    "Super administrator": "スーパー アドミニストレータ",
    "All profiles": "すべてのプロファイル",
    "Search on name, version or URL": "名前、バージョン、URL で検索",
    "No application available using these filters": "これらのフィルターを使用するアプリケーションはありません",
    "Version : {{$item.version}}": "バージョン : {{$item.version}}",
    "Title": "タイトル",
    "Default label": "デフォルト ラベル",
    "Default name": "デフォルト名",
    "Select": "選択",
    "Select an option": "オプションを選択してください",
    "green": "緑",
    "red": "赤",
    "blue": "青",
    "yes": "はい",
    "no": "いいえ",
    "Id": "ID",
    "Name": "名前",
    "Description": "説明",
    "Link": "リンク",
    "Submit": "送信",
    "This field is required": "このフィールドは必須です",
    "This field length should be larger": "このフィールドの長さを大きくする必要があります",
    "This field length should be smaller": "このフィールドの長さを小さくする必要があります",
    "This value is too small": "この値が小さすぎます",
    "This value is too large": "この値が大きすぎます",
    "This is not a valid email": "有効なメールアドレスではありません",
    "Toggle the text area to HTML source code / Rich text area": "テキストエリアをHTMLソースコード/リッチテキストエリアに切り替えます",
    "Heading ": " ",
    "Paragraph": "パラグラフ",
    "Preformatted text": "書式付きテキスト",
    "Unordered List": "順序なしリスト",
    "Ordered List": "順序付きリスト",
    "Quote/unquote selection or paragraph": "選択または段落の引用/引用解除",
    "Undo": "元に戻す",
    "Redo": "やり直し",
    "Bold": "太字",
    "Italic": "斜体",
    "Underline": "下線",
    "Strikethrough": "取り消し線",
    "Align text left": "左揃え",
    "Align text right": "右揃え",
    "Justify text": "均等割り付け",
    "Center": "中央揃え",
    "Increase indent": "インデントを増やす",
    "Decrease indent": "インデントを減らす",
    "Clear formatting": "フォーマットをクリア",
    "Please enter an image URL to insert": "挿入する画像 URL を入力してください",
    "Insert image": "画像を挿入",
    "Insert video": "ビデオを挿入",
    "Please enter a youtube URL to embed": "埋め込むYouTubeのURLを入力してください",
    "Insert / edit link": "リンクの挿入 / 編集",
    "Please enter a URL to insert": "挿入する URL を入力してください",
    "Relink": "再リンク",
    "Unlink": "リンク解除",
    "Open in New Window": "新しいウィンドウで開く",
    "Display words Count": "単語数の表示",
    "Display characters Count": "文字数の表示",
    "The requested content cannot be loaded.<br />Please try again later.": "要求されたコンテンツを読み込むことができません。<br />後でもう一度お試しください。",
    "Today": "今日",
    "Now": "現在",
    "Date": "日付",
    "MM/dd/yyyy": "y/MM/dd",
    "Enter a date (mm/dd/yyyy)": "日付（mm/dd/yyyy）を入力します",
    "Date and time": "日付と時刻",
    "h:mm:ss a": "H:mm:ss",
    "Enter a time (h:mm:ss a)": "時刻を入力 (h:mm:ss a)",
    "$locale": {
      "DATETIME_FORMATS": {
        "AMPMS": [
          "午前",
          "午後"
        ],
        "DAY": [
          "日曜日",
          "月曜日",
          "火曜日",
          "水曜日",
          "木曜日",
          "金曜日",
          "土曜日"
        ],
        "FIRSTDAYOFWEEK": 6,
        "MONTH": [
          "1月",
          "2月",
          "3月",
          "4月",
          "5月",
          "6月",
          "7月",
          "8月",
          "9月",
          "10月",
          "11月",
          "12月"
        ],
        "SHORTDAY": [
          "日",
          "月",
          "火",
          "水",
          "木",
          "金",
          "土"
        ],
        "SHORTMONTH": [
          "1月",
          "2月",
          "3月",
          "4月",
          "5月",
          "6月",
          "7月",
          "8月",
          "9月",
          "10月",
          "11月",
          "12月"
        ],
        "fullDate": "y年M月d日EEEE",
        "longDate": "y年M月d日",
        "medium": "y/MM/dd H:mm:ss",
        "mediumDate": "y/MM/dd",
        "mediumTime": "H:mm:ss",
        "short": "y/MM/dd H:mm",
        "shortDate": "y/MM/dd",
        "shortTime": "H:mm"
      }
    },
    "BPM": "BPM",
    "Monitoring": "モニタリング",
    "Processes": "プロセス",
    "Cases": "ケース",
    "Tasks": "タスク",
    "Organization": "組織",
    "Users": "ユーザー",
    "Groups": "グループ",
    "Roles": "ロール（役割）",
    "Install / Export": "インストール/エクスポート",
    "Profiles": "プロフィール",
    "BDM": "BDM",
    "Resources": "リソース",
    "Applications": "アプリケーション",
    "License": "ライセンス",
    "BPM services": "BPM サービス"
  },
  "pt-BR": {
    "Sign in": "Iniciar sessão",
    "User icon": "Icon de usuário",
    "User details": "Detalhes usuários",
    "Username": "nome de Usuário",
    "Email": "Email",
    "Language": "Idioma",
    "Select a language": "Selecione o idioma",
    "Apply": "Aplicar",
    "Sign out": "Encerrar sessão",
    "Close": "Fechar",
    "Application List": "Lista de Aplicação",
    "Search by application name, display name, version or URL": "Pesquisar por nome da aplicação, nome de exibição, versão ou URL",
    "Applications shown": "Exibir aplicações",
    "No applications to display": "Nenhuma aplicação para exibir",
    "Load more applications": "Carregar mais aplicativos",
    "Super administrator": "Super administrador",
    "All profiles": "Todos perfis",
    "Search on name, version or URL": "Procurar no nome, versão ou URL",
    "No application available using these filters": "Sem aplicação usando estes filtros",
    "Version : {{$item.version}}": "Versão : {{$item.version}}",
    "Title": "Título",
    "Default label": "Etiqueta padrão",
    "Default name": "Nome padrão",
    "Select": "Selecionar",
    "Select an option": "Selecionar uma opção",
    "green": "verde",
    "red": "vermelho",
    "blue": "azul",
    "yes": "sim",
    "no": "não",
    "Id": "ID",
    "Name": "Nome",
    "Description": "Descrição",
    "Link": "Link",
    "Submit": "Submeter",
    "This field is required": "Este campo é requerido",
    "This field length should be larger": "Este comprimento de campo deve ser maior",
    "This field length should be smaller": "Este comprimento do campo deve ser menor",
    "This value is too small": "Este valor é muito pequeno",
    "This value is too large": "Este valor é muito grande",
    "This is not a valid email": "Não é um email válido",
    "Toggle the text area to HTML source code / Rich text area": "Alternar a área de texto para o código-fonte HTML / área de rich text",
    "Heading ": "Título ",
    "Paragraph": "Paragrafo",
    "Preformatted text": "Texto preformatado",
    "Unordered List": "Lista não ordenada",
    "Ordered List": "Lista ordenada",
    "Quote/unquote selection or paragraph": "Marcar / Desmarcar seleção ou parágrafo",
    "Undo": "Desfazer",
    "Redo": "Pronto",
    "Bold": "Negrito",
    "Italic": "Italico",
    "Underline": "Sublinhado",
    "Strikethrough": "Tachado",
    "Align text left": "Alinhar texto a esquerda",
    "Align text right": "Alinhar texto a direita",
    "Justify text": "Texto Justificado",
    "Center": "Centralizado",
    "Increase indent": "Aumentar recuo",
    "Decrease indent": "Diminuir recuo",
    "Clear formatting": "Limpar formatação",
    "Please enter an image URL to insert": "Por favor entre com uma URL para inserir",
    "Insert image": "Inserir imagem",
    "Insert video": "Insereir video",
    "Please enter a youtube URL to embed": "Por favor entre com uma URL para inserir",
    "Insert / edit link": "Inserir / editar link",
    "Please enter a URL to insert": "Por favor entre com uma URL para inserir",
    "Relink": "Relink",
    "Unlink": "Desvincular",
    "Open in New Window": "Abrir em Nova Janela",
    "Display words Count": "Exibir contagem de palavras",
    "Display characters Count": "Exibir contagem de caracteres",
    "The requested content cannot be loaded.<br />Please try again later.": "O conteúdo solicitado não pode ser carregado.<br />Por favor tente mais tarde.",
    "Today": "Hoje",
    "Now": "Agora",
    "Date": "Data",
    "MM/dd/yyyy": "MM/dd/yyyy",
    "Enter a date (mm/dd/yyyy)": "Entre com uma data (mm/dd/yyyy)",
    "Date and time": "Data e hora",
    "h:mm:ss a": "h:mm:ss a",
    "Enter a time (h:mm:ss a)": "Entre com uma hora (h:mm:ss a)",
    "$locale": {
      "DATETIME_FORMATS": {
        "AMPMS": [
          "AM",
          "PM"
        ],
        "DAY": [
          "domingo",
          "segunda-feira",
          "terça-feira",
          "quarta-feira",
          "quinta-feira",
          "sexta-feira",
          "sábado"
        ],
        "FIRSTDAYOFWEEK": 6,
        "MONTH": [
          "janeiro",
          "fevereiro",
          "março",
          "abril",
          "maio",
          "junho",
          "julho",
          "agosto",
          "setembro",
          "outubro",
          "novembro",
          "dezembro"
        ],
        "SHORTDAY": [
          "dom",
          "seg",
          "ter",
          "qua",
          "qui",
          "sex",
          "sáb"
        ],
        "SHORTMONTH": [
          "jan",
          "fev",
          "mar",
          "abr",
          "mai",
          "jun",
          "jul",
          "ago",
          "set",
          "out",
          "nov",
          "dez"
        ],
        "fullDate": "EEEE, d 'de' MMMM 'de' y",
        "longDate": "d 'de' MMMM 'de' y",
        "medium": "d 'de' MMM 'de' y HH:mm:ss",
        "mediumDate": "d 'de' MMM 'de' y",
        "mediumTime": "HH:mm:ss",
        "short": "dd/MM/yy HH:mm",
        "shortDate": "dd/MM/yy",
        "shortTime": "HH:mm"
      }
    },
    "BPM": "BPM",
    "Monitoring": "Monitoramento",
    "Processes": "Processos",
    "Cases": "Casos ",
    "Tasks": "Tarefas ",
    "Organization": "Organização",
    "Users": "Usuários",
    "Groups": "Grupos",
    "Roles": "Funções",
    "Install / Export": "Instalar / Exportar",
    "Profiles": "Perfis",
    "BDM": "BDM",
    "Resources": "Recursos",
    "Applications": "Aplicações",
    "License": "Licença",
    "BPM services": "Serviços BPM"
  }
}