{
  "fr-FR": {
    "Back": "Retour",
    "Skip": "Ignorer",
    "Skip all": "Tout ignorer",
    "Replay": "Rejouer",
    "Replay all": "Tout rejouer",
    "Assign": "Assigner",
    "Unassign": "Désassigner",
    "General": "Général",
    "Display name": "Nom métier",
    "Type": "Type",
    "Priority": "Priorité",
    "Due date": "Echéance",
    "This task is overdue": "L'échéance de cette date est passée",
    "Case Id": "ID de cas",
    "Process name (version)": "Nom du processus (version)",
    "Process display name": "Nom métier du processus",
    "State": "Etat",
    "Failed on": "En erreur depuis",
    "Assigned to": "Assignée à",
    "Assigned on": "Assignée le",
    "Executed by": "Faite par",
    "Connectors": "Connecteurs",
    "Failed": "En erreur",
    "No failed connectors": "Aucun connecteur en erreur",
    "Click here for more details": "Pour plus de détails, cliquez ici",
    "To be executed": "À exécuter",
    "No connector to be executed": "Aucun connecteur à exécuter",
    "Executed": "Exécutés",
    "No executed connectors": "Aucun connecteur exécuté",
    "Skipped": "Ignorés",
    "No skipped connectors": "Aucun connecteur ignoré",
    "Connector is being replayed": "Le connecteur sera réexécuté",
    "Connector is being skipped": "Le connecteur sera ignoré",
    "Comments": "Commentaires",
    "Comments cannot be added to archived cases": "Impossible d'ajouter un commentaire à un cas archivé",
    "Type new comment": "Saisissez un nouveau commentaire",
    "Add comment": "Ajouter un commentaire",
    "No (more) comments to display": "Aucun (autre) commentaire à afficher",
    "Failure details for connectors": "Détails des erreurs pour les connecteurs",
    "Error message": "Message d'erreur",
    "Stack trace": "Stack trace",
    "Close": "Fermer",
    "Start typing the first name, last name, user name, or job title of the user to assign the task to, and then select among the options.": "Commencez à saisir le prénom, nom, nom d'utilisateur ou titre de l'utilisateur(trice) à qui assigner la tâche puis sélectionnez parmi les options.",
    "User": "Utilisateur(trice)",
    "An internal error occurred. Try again later. You can also check the log file.": "Une erreur est survenue. Réessayez plus tard. Vous pouvez aussi consulter les logs.",
    "The task is now executing. You can close this modal and check the status once the connectors have been executed.": "La tâche est en cours d'exécution. Vous pouvez fermer cette fenêtre et vérifier son statut une fois que les connecteurs auront été exécutés.",
    "Access denied. For more information, check the log file.": "Accès refusé. Pour plus d'informations, consultez les logs.",
    "The task has not been assigned.": "La tâche n'a pas été assignée.",
    "The task has been successfully assigned to": "La tâche a été assignée avec succès à",
    "Do you want to unassign the task from": "Voulez-vous désassigner la tâche de",
    "The task has already been done. It cannot be unassigned anymore. Refresh the page to see the new task status.": "La tâche a déjà été effectuée. Elle ne peut plus être désassignée. Actualisez la page pour voir son nouveau statut.",
    "The task has not been unassigned.": "La tâche est toujours assignée.",
    "The task has been successfully unassigned.": "La tâche a été désassignée avec succès.",
    "The task will remain failed: while connectors in execution results will be kept, operations and connectors out will not be executed. The process will go on to the next step.": "La tâche restera en échec : les résultats d'exécution des connecteurs en entrée seront conservés, mais les opérations et les connecteurs en sortie ne seront pas exécutés. Le processus passera à l'étape suivante.",
    "Are you sure you want to skip the task?": "Êtes-vous sûr(e) de vouloir passer cette tâche ?",
    "The task has already been done. It cannot be skipped anymore. Refresh the page to see the new task status.": "La tâche a déjà été effectuée. Elle ne peut plus être passée. Actualisez la page pour voir son nouveau statut.",
    "The task has not been skipped.": "La tâche n'a pas été passée.",
    "The task has been successfully skipped.": "La tâche a été passée avec succès.",
    "No action can be performed while the task is executing or initializing. Refresh the page to check its new status.": "Aucune action ne peut être effectuée pendant l'exécution ou l'initialisation de la tâche. Rafraîchissez la page pour vérifier son nouveau statut.",
    "Do": "Faire",
    "for": "pour",
    "You are about to perform the task for the current assignee.": "Vous êtes sur le point de faire la tâche pour la personne couramment assignée.",
    "It will be recorded as \"Done by": "Elle sera tracée comme \"Faite par",
    "This task does not require a form to fill, but a comment to explain the action you have performed.": "Cette tâche ne nécessite pas de formulaire, mais un commentaire pour expliquer l'action que vous avez faite.",
    "Comment": "Commentaire",
    "The task has already been done. It cannot be done anymore. Refresh the page to see the new task status.": "La tâche a déjà été faite. Actualisez la page pour voir son nouveau statut.",
    "The task has not been done.": "La tâche n'a pas été faite.",
    "The task has been successfully done.": "La tâche a été faite avec succès.",
    "Do the task": "Faire la tâche",
    "At least part of the task failure is due to failed connector(s). You may need to fix some of them. Then, for each one, decide whether to replay or skip it during the next task execution. Then click on \"Replay\" to re-execute the whole task.": "Au moins une partie l'échec de la tâche est due à un ou plusieurs connecteurs en erreur, peut-être à corriger. Puis pour chacun, décidez de le rejouer ou de le passer lors de la prochaine exécution de la tâche. Puis cliquez sur \"Rejouer\" pour réexcuter la tâche.",
    "Select all": "Tout sélectionner",
    "Reset": "Réinitialiser",
    "The state of the task has changed. Refresh the page to see the new task state.": "L'état de la tâche a changé. Actualisez la page pour voir son nouvel état.",
    "The task has not been replayed.": "La tâche n'a pas été rejouée.",
    "Replay the task to check whether the cause of failure has been fixed.": "Rejouez la tâche pour vérifier si la cause de l'échec a été corrigée.",
    "Do the task for the assignee.": "Faire la tâche pour la personne assignée.",
    "In order to do the task for the assignee, you need to assign the task first.": "Pour faire la tâche pour une personne assignée, vous devez l'assigner d'abord.",
    "Do for": "Faire pour",
    "This task is not assigned anymore. Assign it and try again.": "Cette tâche n'est plus assignée. Assignez-la et réessayez.",
    "Cancel": "Annuler",
    "Or type more...": "Ou continuez la saisie ...",
    "No task found with id:": "Aucune tâche ne semble correspondre à l'identifiant :",
    "Task id not provided. Unable to retrieve the task.": "L'identifiant de la tâche n'a pas été fourni à la page. Impossible de récupérer les informations.",
    "Title": "Titre",
    "Default label": "Libellé par défaut",
    "Default name": "Nom par défaut",
    "Select": "Sélection",
    "Select an option": "Sélectionnez une option",
    "green": "vert",
    "red": "rouge",
    "blue": "bleu",
    "yes": "oui",
    "no": "non",
    "Id": "Id",
    "Name": "Nom",
    "Description": "Description",
    "Link": "Lien",
    "Submit": "Soumettre",
    "This field is required": "Ce champ est obligatoire",
    "This field length should be larger": "Ce champ doit contenir plus de caractères",
    "This field length should be smaller": "Ce champ doit contenir moins de caractères",
    "This value is too small": "La valeur de ce champ est trop petite",
    "This value is too large": "La valeur de ce champ est trop grande",
    "This is not a valid email": "L'email saisi n'est pas valide",
    "Toggle the text area to HTML source code / Rich text area": "Basculer l'affichage du texte vers HTML / Rich Text",
    "Heading ": "Titre ",
    "Paragraph": "Paragraphe",
    "Preformatted text": "Texte préformaté",
    "Unordered List": "Liste",
    "Ordered List": "Liste numérotée",
    "Quote/unquote selection or paragraph": "Formater le paragraphe ou la sélection en citation",
    "Undo": "Annuler",
    "Redo": "Rétablir",
    "Bold": "Gras",
    "Italic": "Italique",
    "Underline": "Souligné",
    "Strikethrough": "Barré",
    "Align text left": "Aligner le texte à gauche",
    "Align text right": "Aligner le texte à droite",
    "Justify text": "Justifier le texte",
    "Center": "Centrer",
    "Increase indent": "Augmenter l'indentation",
    "Decrease indent": "Diminuer l'indentation",
    "Clear formatting": "Effacer le formatage",
    "Please enter an image URL to insert": "Saisissez l'URL de l'image à insérer",
    "Insert image": "Insérer une image",
    "Insert video": "Insérer une vidéo",
    "Please enter a youtube URL to embed": "Saisissez une URL YouTube à embarquer",
    "Insert / edit link": "Insérer/éditer un lien",
    "Please enter a URL to insert": "Entrez une URL à insérer",
    "Relink": "Changer le lien",
    "Unlink": "Enlever le lien",
    "Open in New Window": "Ouvrir dans une nouvelle fenêtre",
    "Display words Count": "Afficher le nombre de mots",
    "Display characters Count": "Afficher le nombre de caractères",
    "The requested content cannot be loaded.<br />Please try again later.": "Le contenu demandé ne peut pas être téléchargé.<br/> Veuillez réessayer plus tard.",
    "Date": "Date",
    "MM/dd/yyyy": "dd/MM/yyyy",
    "Today": "Aujourd'hui",
    "Now": "Maintenant",
    "Enter a date (mm/dd/yyyy)": "Saisissez une date (jj/mm/aaaa)",
    "Date and time": "Date et heure",
    "h:mm:ss a": "HH:mm:ss",
    "Enter a time (h:mm:ss a)": "Saisissez une heure (hh:mm:ss)",
    "$locale": {
      "DATETIME_FORMATS": {
        "AMPMS": [
          "AM",
          "PM"
        ],
        "DAY": [
          "dimanche",
          "lundi",
          "mardi",
          "mercredi",
          "jeudi",
          "vendredi",
          "samedi"
        ],
        "FIRSTDAYOFWEEK": 1,
        "MONTH": [
          "janvier",
          "février",
          "mars",
          "avril",
          "mai",
          "juin",
          "juillet",
          "août",
          "septembre",
          "octobre",
          "novembre",
          "décembre"
        ],
        "SHORTDAY": [
          "dim.",
          "lun.",
          "mar.",
          "mer.",
          "jeu.",
          "ven.",
          "sam."
        ],
        "SHORTMONTH": [
          "janv.",
          "févr.",
          "mars",
          "avr.",
          "mai",
          "juin",
          "juil.",
          "août",
          "sept.",
          "oct.",
          "nov.",
          "déc."
        ],
        "fullDate": "EEEE d MMMM y",
        "longDate": "d MMMM y",
        "medium": "d MMM y HH:mm:ss",
        "mediumDate": "d MMM y",
        "mediumTime": "HH:mm:ss",
        "short": "dd/MM/y HH:mm",
        "shortDate": "dd/MM/y",
        "shortTime": "HH:mm"
      }
    }
  },
  "es-ES": {
    "Back": "Atrás",
    "Skip": "Omitir",
    "Skip all": "Omitir todos",
    "Replay": "Repetir",
    "Replay all": "Repetir todo",
    "Assign": "Asignar",
    "Unassign": "Desasignar",
    "General": "General",
    "Display name": "Nombre mostrado",
    "Type": "Tipo",
    "Priority": "Prioridad",
    "Due date": "Fecha de vencimiento",
    "This task is overdue": "Esta tarea está atrasada",
    "Case Id": "Id del caso",
    "Process name (version)": "Nombre del proceso (versión)",
    "Process display name": "Nombre mostrado del proceso",
    "State": "Estado",
    "Failed on": "Fallo en",
    "Assigned to": "Asignado a",
    "Assigned on": "Asignado el",
    "Executed by": "Hecho por",
    "Connectors": "Conectores",
    "Failed": "Con errores",
    "No failed connectors": "No hay conectores fallidos",
    "Click here for more details": "Haz click aquí para más detalles",
    "To be executed": "A ser ejecutado",
    "No connector to be executed": "No hay conector a ejecutar",
    "Executed": "Ejecutado",
    "No executed connectors": "No hay conectores ejecutados",
    "Skipped": "Omitido",
    "No skipped connectors": "No hay conectores omitidos",
    "Connector is being replayed": "Conector se está re-ejecutando",
    "Connector is being skipped": "Conector se está re-ejecutando",
    "Comments": "Comentarios",
    "Comments cannot be added to archived cases": "Los comentarios no pueden ser añadidos a casos archivados",
    "Type new comment": "Escribe un nuevo comentario",
    "Add comment": "Añadir comentario",
    "No (more) comments to display": "No hay (más) comentarios para mostrar",
    "Failure details for connectors": "Detalles de fallo para los conectores",
    "Error message": "Mensaje de error",
    "Stack trace": "Traza de la pila",
    "Close": "Cerrar",
    "Start typing the first name, last name, user name, or job title of the user to assign the task to, and then select among the options.": "Empezar a escribir el nombre, apellido, nombre de usuario, o el título del trabajo del usuario al que asignar la tarea, y luego seleccionar entre las opciones.",
    "User": "Usuarios",
    "An internal error occurred. Try again later. You can also check the log file.": "Se ha producido un error interno. Inténtalo de nuevo más tarde. También puedes comprobar el archivo de registro.",
    "The task is now executing. You can close this modal and check the status once the connectors have been executed.": "La tarea se está ejecutando. Puedes cerrar esta modal y comprobar el estado una vez que se hayan ejecutado los conectores.",
    "Access denied. For more information, check the log file.": "Acceso denegado. Para obtener más información, consulte el archivo de log.",
    "The task has not been assigned.": "La tarea no ha sido asignada.",
    "The task has been successfully assigned to": "La tarea ha sido asignada correctamente a",
    "Do you want to unassign the task from": "Desea desasignar la tarea de",
    "The task has already been done. It cannot be unassigned anymore. Refresh the page to see the new task status.": "La tarea ya ha sido realizada. Ya no se puede desasignar. Actualice la página para ver el nuevo estado de la tarea.",
    "The task has not been unassigned.": "La tarea no ha sido desasignada.",
    "The task has been successfully unassigned.": "La tarea se ha desasignado correctamente.",
    "The task will remain failed: while connectors in execution results will be kept, operations and connectors out will not be executed. The process will go on to the next step.": "La tarea seguirá siendo fallada: mientras que los conectores en los resultados de la ejecución serán asumidos, las operaciones y los conectores fuera no serán ejecutados. El proceso continuará con el siguiente paso.",
    "Are you sure you want to skip the task?": "¿Está seguro que desea omitir la tarea?",
    "The task has already been done. It cannot be skipped anymore. Refresh the page to see the new task status.": "La tarea ya ha sido realizada. Ya no puede saltarse más. Actualice la página para ver el nuevo estado de la tarea.",
    "The task has not been skipped.": "La tarea no se ha saltado.",
    "The task has been successfully skipped.": "La tarea se ha omitido correctamente.",
    "No action can be performed while the task is executing or initializing. Refresh the page to check its new status.": "No se puede realizar ninguna acción mientras la tarea se ejecuta o inicializa. Actualice la página para comprobar su nuevo estado.",
    "Do": "Hacer",
    "for": "por",
    "You are about to perform the task for the current assignee.": "Está a punto de realizar la tarea para el actual asignado.",
    "It will be recorded as \"Done by": "Se grabará como \"Hecho por",
    "This task does not require a form to fill, but a comment to explain the action you have performed.": "Esta tarea no requiere un formulario para rellenar, sino un comentario para explicar la acción que ha realizado.",
    "Comment": "Comentario",
    "The task has already been done. It cannot be done anymore. Refresh the page to see the new task status.": "La tarea ya ha sido realizada. Ya no se puede hacer. Actualice la página para ver el nuevo estado de la tarea.",
    "The task has not been done.": "No se ha hecho la tarea.",
    "The task has been successfully done.": "La tarea se ha realizado con éxito.",
    "Do the task": "Hacer la tarea",
    "At least part of the task failure is due to failed connector(s). You may need to fix some of them. Then, for each one, decide whether to replay or skip it during the next task execution. Then click on \"Replay\" to re-execute the whole task.": "Al menos parte del fallo de la tarea se debe a un error de conector(es). Puede que necesite arreglar algunos de ellos. Luego, para cada uno, decide si reproducirlo o saltarlo durante la próxima ejecución de la tarea. Luego haz clic en \"Reproducir\" para volver a ejecutar toda la tarea.",
    "Select all": "Seleccionar todo",
    "Reset": "Reiniciar",
    "The state of the task has changed. Refresh the page to see the new task state.": "El estado de la tarea ha cambiado. Actualice la página para ver el nuevo estado de la tarea.",
    "The task has not been replayed.": "La tarea no se ha repetido.",
    "Replay the task to check whether the cause of failure has been fixed.": "Reproducir la tarea para comprobar si la causa del fallo ha sido corregida.",
    "Do the task for the assignee.": "Haga la tarea para el asignado.",
    "In order to do the task for the assignee, you need to assign the task first.": "Para hacer la tarea para el asignado, primero debe asignar la tarea.",
    "Do for": "Hacer por",
    "This task is not assigned anymore. Assign it and try again.": "Esta tarea ya no está asignada. Asignala y vuelve a intentarlo.",
    "Cancel": "Cancelar",
    "Or type more...": "O escriba más...",
    "No task found with id:": "No se encontró ninguna tarea con id:",
    "Task id not provided. Unable to retrieve the task.": "Id de tarea no proporcionado. No se puede recuperar la tarea.",
    "Title": "Título",
    "Default label": "Etiqueta por defecto",
    "Default name": "Nombre por defecto",
    "Select": "Seleccionar",
    "Select an option": "Selecciona una opción",
    "green": "verde",
    "red": "rojo",
    "blue": "azul",
    "yes": "sí",
    "no": "no",
    "Id": "Id",
    "Name": "Nombre",
    "Description": "Descripción",
    "Link": "Enlace",
    "Submit": "Enviar",
    "This field is required": "Este campo es requerido",
    "This field length should be larger": "La longitud de este campo debería ser mayor",
    "This field length should be smaller": "La longitud de este campo debería ser menor",
    "This value is too small": "El valor de este campo es demasiado pequeño",
    "This value is too large": "El valor de este campo es demasiado grande",
    "This is not a valid email": "El email introducido no es válido",
    "Toggle the text area to HTML source code / Rich text area": "Cambiar la zona de texto por código fuente HTML / Área de texto enriquecido",
    "Heading ": "Título",
    "Paragraph": "Parráfo",
    "Preformatted text": "Texto preformateado",
    "Unordered List": "Lista sin ordenar",
    "Ordered List": "Lista ordenada",
    "Quote/unquote selection or paragraph": "Citar / no citar selección o párrafo",
    "Undo": "Deshacer",
    "Redo": "Rehacer",
    "Bold": "Negrita",
    "Italic": "Itálico",
    "Underline": "Subrayado",
    "Strikethrough": "Tachado",
    "Align text left": "Alinear texto a la izquierda",
    "Align text right": "Alinear texto a la derecha",
    "Justify text": "Justifica el texto",
    "Center": "Centrar",
    "Increase indent": "Aumentar sangría",
    "Decrease indent": "Disminuir sangría",
    "Clear formatting": "Borrar el formato",
    "Please enter an image URL to insert": "Por favor ingrese una URL de imagen para insertar",
    "Insert image": "Insertar imagen",
    "Insert video": "Insertar video",
    "Please enter a youtube URL to embed": "Por favor, introduzca una URL de youtube para incrustar",
    "Insert / edit link": "Insertar / editar enlace",
    "Please enter a URL to insert": "Por favor ingrese una URL para insertar",
    "Relink": "Rehacer el enlace",
    "Unlink": "Deshacer el enlace",
    "Open in New Window": "Abrir en una nueva ventana",
    "Display words Count": "Mostrar el número de palabras",
    "Display characters Count": "Mostrar el número de carácteres",
    "The requested content cannot be loaded.<br />Please try again later.": "El contenido solicitado no puede mostrarse.",
    "Today": "Hoy",
    "Now": "Ahora",
    "Date": "Fecha",
    "MM/dd/yyyy": "dd/MM/yyyy",
    "Enter a date (mm/dd/yyyy)": "Introducir una fecha (dd/mm/aaaa)",
    "Date and time": "Fecha y hora",
    "h:mm:ss a": "H:mm:ss",
    "Enter a time (h:mm:ss a)": "Introducir una hora (h:mm:ss)",
    "$locale": {
      "DATETIME_FORMATS": {
        "AMPMS": [
          "a. m.",
          "p. m."
        ],
        "DAY": [
          "domingo",
          "lunes",
          "martes",
          "miércoles",
          "jueves",
          "viernes",
          "sábado"
        ],
        "FIRSTDAYOFWEEK": 0,
        "MONTH": [
          "enero",
          "febrero",
          "marzo",
          "abril",
          "mayo",
          "junio",
          "julio",
          "agosto",
          "septiembre",
          "octubre",
          "noviembre",
          "diciembre"
        ],
        "SHORTDAY": [
          "dom.",
          "lun.",
          "mar.",
          "mié.",
          "jue.",
          "vie.",
          "sáb."
        ],
        "SHORTMONTH": [
          "ene.",
          "feb.",
          "mar.",
          "abr.",
          "may.",
          "jun.",
          "jul.",
          "ago.",
          "sept.",
          "oct.",
          "nov.",
          "dic."
        ],
        "fullDate": "EEEE, d 'de' MMMM 'de' y",
        "longDate": "d 'de' MMMM 'de' y",
        "medium": "d 'de' MMM 'de' y H:mm:ss",
        "mediumDate": "d 'de' MMM 'de' y",
        "mediumTime": "H:mm:ss",
        "short": "d/M/yy H:mm",
        "shortDate": "d/M/yy",
        "shortTime": "H:mm"
      }
    }
  },
  "ja-JP": {
    "Back": "戻る",
    "Skip": "スキップ",
    "Skip all": "すべてスキップ",
    "Replay": "リプレイ",
    "Replay all": "すべてリプレイ",
    "Assign": "アサイン",
    "Unassign": "アサインを解除",
    "General": "ジェネラル",
    "Display name": "表示名",
    "Type": "タイプ",
    "Priority": "プライオリティ",
    "Due date": "期限",
    "This task is overdue": "このタスクは期限切れです",
    "Case Id": "ケースID",
    "Process name (version)": "プロセス名 (バージョン)",
    "Process display name": "プロセスの表示名",
    "State": "ステータス",
    "Failed on": "失敗した日時",
    "Assigned to": "アサインされた人",
    "Assigned on": "アサイン日時",
    "Executed by": "実行者",
    "Connectors": "コネクタ",
    "Failed": "エラー",
    "No failed connectors": "失敗したコネクタはありません",
    "Click here for more details": "詳細は、ここをクリックしてください",
    "To be executed": "実行される",
    "No connector to be executed": "実行するコネクタがありません",
    "Executed": "実行済み",
    "No executed connectors": "実行されたコネクタがありません",
    "Skipped": "スキップ",
    "No skipped connectors": "スキップされたコネクタがありません",
    "Connector is being replayed": "コネクタが再生されています",
    "Connector is being skipped": "コネクタがスキップされています",
    "Comments": "コメント",
    "Comments cannot be added to archived cases": "アーカイブされた案件にコメントを追加することはできません",
    "Type new comment": "新しいコメントを入力",
    "Add comment": "コメントを追加",
    "No (more) comments to display": "表示するコメントはありません",
    "Failure details for connectors": "コネクタ障害の詳細",
    "Error message": "エラーメッセージ",
    "Stack trace": "スタックトレース:",
    "Close": "閉じる",
    "Start typing the first name, last name, user name, or job title of the user to assign the task to, and then select among the options.": "姓、ユーザー名を入力してください または、タスクに割り当てるユーザーのジョブタイトルを指定し、オプションの中から選択します。",
    "User": "ユーザー",
    "An internal error occurred. Try again later. You can also check the log file.": "内部エラーが発生しました。後でもう一度お試しください。ログファイルを確認することもできます。",
    "The task is now executing. You can close this modal and check the status once the connectors have been executed.": "タスクが実行されます。このモーダルを閉じ、コネクタが実行されたらステータスを確認できます。",
    "Access denied. For more information, check the log file.": "アクセスが拒否されました。詳細についてはログファイルを確認してください。",
    "The task has not been assigned.": "タスクが割り当てられていません。",
    "The task has been successfully assigned to": "タスクが正常に割り当てられました",
    "Do you want to unassign the task from": "タスクの割り当てを解除しますか？",
    "The task has already been done. It cannot be unassigned anymore. Refresh the page to see the new task status.": "タスクは既に完了しています。新しいタスクのステータスを表示するには、ページを更新してください。",
    "The task has not been unassigned.": "タスクが割り当てられていません。",
    "The task has been successfully unassigned.": "正常にタスクの割り当てを解除しました。",
    "The task will remain failed: while connectors in execution results will be kept, operations and connectors out will not be executed. The process will go on to the next step.": "タスクは失敗したままになります。実行結果のコネクタは保持されますが、操作とコネクタ出力は実行されません。 プロセスは次のステップに進みます。",
    "Are you sure you want to skip the task?": "タスクをスキップしてもよろしいですか？",
    "The task has already been done. It cannot be skipped anymore. Refresh the page to see the new task status.": "タスクは既に完了しています。更にスキップできません。新しいタスクの状態を表示するにはページを更新してください。",
    "The task has not been skipped.": "タスクはスキップされていません。",
    "The task has been successfully skipped.": "タスクは正常にスキップされました。",
    "No action can be performed while the task is executing or initializing. Refresh the page to check its new status.": "タスクの実行中または初期化中はアクションを実行できません。新しいステータスを確認するにはページを更新してください。",
    "Do": "実行",
    "for": "のための",
    "You are about to perform the task for the current assignee.": "現在の担当者のタスクを実行しようとしています。",
    "It will be recorded as \"Done by": "「Doneby」として記録されます",
    "This task does not require a form to fill, but a comment to explain the action you have performed.": "このタスクでは、フォームに入力する必要はありませんが、実行したアクションを説明するコメントが必要です。",
    "Comment": "コメント",
    "The task has already been done. It cannot be done anymore. Refresh the page to see the new task status.": "タスクは既に完了しています。新しいタスクのステータスを表示するには、ページを更新してください。",
    "The task has not been done.": "タスクは完了していません。",
    "The task has been successfully done.": "タスクは正常に完了しました。",
    "Do the task": "タスクを実行",
    "At least part of the task failure is due to failed connector(s). You may need to fix some of them. Then, for each one, decide whether to replay or skip it during the next task execution. Then click on \"Replay\" to re-execute the whole task.": "タスクの失敗の少なくとも一部は、失敗したコネクタが原因です。いくつかのエラーを修正する必要があるかもしれません。 次に、次のタスクの実行中にリプレイするかスキップするかを決めます。次に、「リプレイ」をクリックしてタスク全体を再実行します。",
    "Select all": "すべてを選択",
    "Reset": "リセット",
    "The state of the task has changed. Refresh the page to see the new task state.": "タスクの状態が変更されました。新しいタスクの状態を表示するにはページを更新してください。",
    "The task has not been replayed.": "タスクがリプレイされていません。",
    "Replay the task to check whether the cause of failure has been fixed.": "タスクを再実行して、失敗の原因が修正されたかどうかを確認します。",
    "Do the task for the assignee.": "担当者のタスクを実行します。",
    "In order to do the task for the assignee, you need to assign the task first.": "担当者のタスクを実行するには、最初にタスクを割り当てる必要があります。",
    "Do for": "Do for",
    "This task is not assigned anymore. Assign it and try again.": "このタスクは割り当てられていません。割り当てて再度お試し下さい。",
    "Cancel": "キャンセル",
    "Or type more...": "または更に入力...",
    "No task found with id:": "No task found with id:",
    "Task id not provided. Unable to retrieve the task.": "Task id not provided. Unable to retrieve the task.",
    "Title": "タイトル",
    "Default label": "デフォルト ラベル",
    "Default name": "デフォルト名",
    "Select": "選択",
    "Select an option": "オプションを選択してください",
    "green": "緑",
    "red": "赤",
    "blue": "青",
    "yes": "はい",
    "no": "いいえ",
    "Id": "ID",
    "Name": "名前",
    "Description": "説明",
    "Link": "リンク",
    "Submit": "送信",
    "This field is required": "このフィールドは必須項目です",
    "This field length should be larger": "このフィールドの長さを大きくする必要があります",
    "This field length should be smaller": "このフィールドの長さを小さくする必要があります",
    "This value is too small": "この値が小さすぎます",
    "This value is too large": "この値は大きすぎます",
    "This is not a valid email": "これは有効なメールアドレスではありません",
    "Toggle the text area to HTML source code / Rich text area": "テキストエリアをHTMLソースコード/リッチテキストエリアに切り替えます",
    "Heading ": " ",
    "Paragraph": "パラグラフ",
    "Preformatted text": "書式付きテキスト",
    "Unordered List": "順序なしリスト",
    "Ordered List": "順序付きリスト",
    "Quote/unquote selection or paragraph": "選択または段落の引用/引用解除",
    "Undo": "元に戻す",
    "Redo": "やり直し",
    "Bold": "太字",
    "Italic": "斜体",
    "Underline": "下線",
    "Strikethrough": "取り消し線",
    "Align text left": "左揃え",
    "Align text right": "右揃え",
    "Justify text": "均等割り付け",
    "Center": "中央揃え",
    "Increase indent": "インデントを上げる",
    "Decrease indent": "インデントを減らす",
    "Clear formatting": "フォーマットをクリア",
    "Please enter an image URL to insert": "挿入する画像 URL を入力してください",
    "Insert image": "画像を挿入",
    "Insert video": "ビデオを挿入",
    "Please enter a youtube URL to embed": "埋め込むYouTubeのURLを入力してください",
    "Insert / edit link": "リンクの挿入 / 編集",
    "Please enter a URL to insert": "挿入する URL を入力してください",
    "Relink": "再リンク",
    "Unlink": "リンク解除",
    "Open in New Window": "新しいウィンドウで開く",
    "Display words Count": "単語数の表示",
    "Display characters Count": "文字数の表示",
    "The requested content cannot be loaded.<br />Please try again later.": "要求されたコンテンツを読み込むことができません。<br />後でもう一度お試しください。",
    "Today": "今日",
    "Now": "現在",
    "Date": "日付",
    "MM/dd/yyyy": "y/MM/dd",
    "Enter a date (mm/dd/yyyy)": "日付（mm/dd/yyyy）を入力します",
    "Date and time": "日付と時刻",
    "h:mm:ss a": "H:mm:ss",
    "Enter a time (h:mm:ss a)": "時刻を入力 (h:mm:ss a)",
    "$locale": {
      "DATETIME_FORMATS": {
        "AMPMS": [
          "午前",
          "午後"
        ],
        "DAY": [
          "日曜日",
          "月曜日",
          "火曜日",
          "水曜日",
          "木曜日",
          "金曜日",
          "土曜日"
        ],
        "FIRSTDAYOFWEEK": 6,
        "MONTH": [
          "1月",
          "2月",
          "3月",
          "4月",
          "5月",
          "6月",
          "7月",
          "8月",
          "9月",
          "10月",
          "11月",
          "12月"
        ],
        "SHORTDAY": [
          "日",
          "月",
          "火",
          "水",
          "木",
          "金",
          "土"
        ],
        "SHORTMONTH": [
          "1月",
          "2月",
          "3月",
          "4月",
          "5月",
          "6月",
          "7月",
          "8月",
          "9月",
          "10月",
          "11月",
          "12月"
        ],
        "fullDate": "y年M月d日EEEE",
        "longDate": "y年M月d日",
        "medium": "y/MM/dd H:mm:ss",
        "mediumDate": "y/MM/dd",
        "mediumTime": "H:mm:ss",
        "short": "y/MM/dd H:mm",
        "shortDate": "y/MM/dd",
        "shortTime": "H:mm"
      }
    }
  },
  "pt-BR": {
    "Back": "Voltar",
    "Skip": "Pular",
    "Skip all": "Pular tudo",
    "Replay": "Repetir",
    "Replay all": "Repetir tudo",
    "Assign": "Atribuir",
    "Unassign": "Desatribuir",
    "General": "Geral",
    "Display name": "Nome para exibição",
    "Type": "Tipo",
    "Priority": "Prioridade",
    "Due date": "Data de vencimento",
    "This task is overdue": "Esta tarefa está atrasada",
    "Case Id": "Id do case",
    "Process name (version)": "Nome do processo (versão)",
    "Process display name": "Nome de exibição do processo",
    "State": "Status",
    "Failed on": "Falha em",
    "Assigned to": "Atribuído a",
    "Assigned on": "Atribuído para",
    "Executed by": "Realizado por",
    "Connectors": "Conectores",
    "Failed": "Falhou",
    "No failed connectors": "Nenhum conector com falha",
    "Click here for more details": "Clique aqui para mais detalhes",
    "To be executed": "A ser executado",
    "No connector to be executed": "Nenhum conector a ser executado",
    "Executed": "Executado",
    "No executed connectors": "Nenhum conector executado",
    "Skipped": "Ignorado",
    "No skipped connectors": "Nenhum conector ignorado",
    "Connector is being replayed": "Conector está sendo reproduzido",
    "Connector is being skipped": "Conector está sendo ignorado",
    "Comments": "Comentários",
    "Comments cannot be added to archived cases": "Os comentários não podem ser adicionados a casos arquivados",
    "Type new comment": "Digite um novo comentário",
    "Add comment": "Adicionar comentário",
    "No (more) comments to display": "Não há (mais) comentários para exibir",
    "Failure details for connectors": "Detalhes da falha para conectores",
    "Error message": "Mensagem de erro",
    "Stack trace": "Rastreamento de pilha",
    "Close": "Fechar",
    "Start typing the first name, last name, user name, or job title of the user to assign the task to, and then select among the options.": "Comece a digitar o primeiro nome, sobrenome, nome de usuário, ou título do trabalho do usuário para atribuir a tarefa, e então selecionar entre as opções.",
    "User": "Usuário",
    "An internal error occurred. Try again later. You can also check the log file.": "Ocorreu um erro interno. Tente novamente mais tarde. Você também pode verificar o arquivo de log.",
    "The task is now executing. You can close this modal and check the status once the connectors have been executed.": "A tarefa está sendo executada. Você pode fechar este modal e verificar o status assim que os conectores forem executados.",
    "Access denied. For more information, check the log file.": "Acesso negado. Para mais informações, verifique o arquivo de log.",
    "The task has not been assigned.": "A tarefa não foi atribuída.",
    "The task has been successfully assigned to": "A tarefa foi atribuída com sucesso a",
    "Do you want to unassign the task from": "Você deseja remover a atribuição da tarefa de",
    "The task has already been done. It cannot be unassigned anymore. Refresh the page to see the new task status.": "A tarefa já foi concluída. Não pode ser mais desatribuída. Atualize a página para ver o novo status da tarefa.",
    "The task has not been unassigned.": "A tarefa não foi atribuída.",
    "The task has been successfully unassigned.": "A tarefa foi cancelada com sucesso.",
    "The task will remain failed: while connectors in execution results will be kept, operations and connectors out will not be executed. The process will go on to the next step.": "A tarefa permanecerá falhada: enquanto os conectores nos resultados de execução serão mantidos, operações e conectores de saída não serão executados. O processo avançará para o próximo passo.",
    "Are you sure you want to skip the task?": "Tem certeza de que deseja pular a tarefa?",
    "The task has already been done. It cannot be skipped anymore. Refresh the page to see the new task status.": "A tarefa já foi concluída. Ela não pode ser mais ignorada. Atualize a página para ver o novo status da tarefa.",
    "The task has not been skipped.": "A tarefa não foi ignorada.",
    "The task has been successfully skipped.": "A tarefa foi ignorada com sucesso.",
    "No action can be performed while the task is executing or initializing. Refresh the page to check its new status.": "Nenhuma ação pode ser executada enquanto a tarefa está sendo executada ou inicializando. Atualize a página para verificar seu novo status.",
    "Do": "Fazer",
    "for": "para",
    "You are about to perform the task for the current assignee.": "Você está prestes a executar a tarefa para o designado atual.",
    "It will be recorded as \"Done by": "Será gravado como \"Feito por",
    "This task does not require a form to fill, but a comment to explain the action you have performed.": "Esta tarefa não requer um formulário para preencher, mas um comentário para explicar a ação que você realizou.",
    "Comment": "Comentário",
    "The task has already been done. It cannot be done anymore. Refresh the page to see the new task status.": "A tarefa já foi concluída. Não pode mais ser feita. Atualize a página para ver o novo status da tarefa.",
    "The task has not been done.": "A tarefa não foi concluída.",
    "The task has been successfully done.": "A tarefa foi concluída com sucesso.",
    "Do the task": "Faça a tarefa",
    "At least part of the task failure is due to failed connector(s). You may need to fix some of them. Then, for each one, decide whether to replay or skip it during the next task execution. Then click on \"Replay\" to re-execute the whole task.": "Pelo menos parte da falha de tarefa é devida a falha de conector(s). Você pode precisar corrigir alguns deles. Em seguida, para cada um, decida se deseja reproduzir ou ignorá-la durante a próxima execução da tarefa. Em seguida, clique em \"Replay\" para reexecutar toda a tarefa.",
    "Select all": "Selecionar todos",
    "Reset": "Reset",
    "The state of the task has changed. Refresh the page to see the new task state.": "O estado da tarefa mudou. Atualize a página para ver o novo estado da tarefa.",
    "The task has not been replayed.": "A tarefa não foi reproduzida.",
    "Replay the task to check whether the cause of failure has been fixed.": "Repita a tarefa para verificar se a causa da falha foi corrigida.",
    "Do the task for the assignee.": "Faça a tarefa para o responsável.",
    "In order to do the task for the assignee, you need to assign the task first.": "Para realizar a tarefa para o atribuído, você precisa atribuir a tarefa primeiro.",
    "Do for": "Realizar para",
    "This task is not assigned anymore. Assign it and try again.": "Esta tarefa não está mais atribuída. Atribua-a e tente novamente.",
    "Cancel": "Cancelar",
    "Or type more...": "Ou digite mais...",
    "No task found with id:": "Nenhuma tarefa encontrada com o ID:",
    "Task id not provided. Unable to retrieve the task.": "Id da tarefa não fornecida. Não é possível recuperar a tarefa.",
    "Title": "Título",
    "Default label": "Etiqueta padrão",
    "Default name": "Nome padrão",
    "Select": "Selecionar",
    "Select an option": "Selecionar uma opção",
    "green": "verde",
    "red": "vermelho",
    "blue": "azul",
    "yes": "sim",
    "no": "não",
    "Id": "ID",
    "Name": "Nome",
    "Description": "Descrição",
    "Link": "Link",
    "Submit": "Submeter",
    "This field is required": "Este campo é requerido",
    "This field length should be larger": "Este comprimento de campo deve ser maior",
    "This field length should be smaller": "Este comprimento do campo deve ser menor",
    "This value is too small": "Este valor é muito pequeno",
    "This value is too large": "Este valor é muito grande",
    "This is not a valid email": "Não é um email válido",
    "Toggle the text area to HTML source code / Rich text area": "Alternar a área de texto para o código-fonte HTML / área de rich text",
    "Heading ": "Título ",
    "Paragraph": "Paragrafo",
    "Preformatted text": "Texto preformatado",
    "Unordered List": "Lista não ordenada",
    "Ordered List": "Lista ordenada",
    "Quote/unquote selection or paragraph": "Marcar / Desmarcar seleção ou parágrafo",
    "Undo": "Desfazer",
    "Redo": "Pronto",
    "Bold": "Negrito",
    "Italic": "Italico",
    "Underline": "Sublinhado",
    "Strikethrough": "Tachado",
    "Align text left": "Alinhar texto a esquerda",
    "Align text right": "Alinhar texto a direita",
    "Justify text": "Texto Justificado",
    "Center": "Centralizado",
    "Increase indent": "Aumentar recuo",
    "Decrease indent": "Diminuir recuo",
    "Clear formatting": "Limpar formatação",
    "Please enter an image URL to insert": "Por favor entre com uma URL para inserir",
    "Insert image": "Inserir imagem",
    "Insert video": "Insereir video",
    "Please enter a youtube URL to embed": "Por favor entre com uma URL para inserir",
    "Insert / edit link": "Inserir / editar link",
    "Please enter a URL to insert": "Por favor entre com uma URL para inserir",
    "Relink": "Relink",
    "Unlink": "Desvincular",
    "Open in New Window": "Abrir em Nova Janela",
    "Display words Count": "Exibir contagem de palavras",
    "Display characters Count": "Exibir contagem de caracteres",
    "The requested content cannot be loaded.<br />Please try again later.": "O conteúdo solicitado não pode ser carregado.<br />Por favor tente mais tarde.",
    "Today": "Hoje",
    "Now": "Agora",
    "Date": "Data",
    "MM/dd/yyyy": "MM/dd/yyyy",
    "Enter a date (mm/dd/yyyy)": "Entre com uma data (mm/dd/yyyy)",
    "Date and time": "Data e hora",
    "h:mm:ss a": "h:mm:ss a",
    "Enter a time (h:mm:ss a)": "Entre com uma hora (h:mm:ss a)",
    "$locale": {
      "DATETIME_FORMATS": {
        "AMPMS": [
          "AM",
          "PM"
        ],
        "DAY": [
          "domingo",
          "segunda-feira",
          "terça-feira",
          "quarta-feira",
          "quinta-feira",
          "sexta-feira",
          "sábado"
        ],
        "FIRSTDAYOFWEEK": 6,
        "MONTH": [
          "janeiro",
          "fevereiro",
          "março",
          "abril",
          "maio",
          "junho",
          "julho",
          "agosto",
          "setembro",
          "outubro",
          "novembro",
          "dezembro"
        ],
        "SHORTDAY": [
          "dom",
          "seg",
          "ter",
          "qua",
          "qui",
          "sex",
          "sáb"
        ],
        "SHORTMONTH": [
          "jan",
          "fev",
          "mar",
          "abr",
          "mai",
          "jun",
          "jul",
          "ago",
          "set",
          "out",
          "nov",
          "dez"
        ],
        "fullDate": "EEEE, d 'de' MMMM 'de' y",
        "longDate": "d 'de' MMMM 'de' y",
        "medium": "d 'de' MMM 'de' y HH:mm:ss",
        "mediumDate": "d 'de' MMM 'de' y",
        "mediumTime": "HH:mm:ss",
        "short": "dd/MM/yy HH:mm",
        "shortDate": "dd/MM/yy",
        "shortTime": "HH:mm"
      }
    }
  }
}