{
  "fr-FR": {
    "of": "de",
    "Add": "Ajouter",
    "Edit profile": "Modifier le profil",
    "Remove group from mapping": "Retirer le groupe du mapping",
    "Remove membership from mapping": "Retirer l'adhésion du mapping",
    "Remove role from mapping": "Retirer le rôle du mapping",
    "Remove user from mapping": "Retirer l'utilisateur(trice) du mapping",
    "Delete profile": "Supprimer le profil",
    "Show mapping with organization": "Afficher le mapping avec l'organisation",
    "Hide mapping with organization": "Masquer le mapping avec l'organisation",
    "Export profile": "Exporter le profil",
    "The group": "Le groupe",
    "The profile has been successfully added.": "Le profil a été ajouté avec succès.",
    "The profile has been successfully deleted.": "Le profil a été supprimé avec succès.",
    "The profile has been successfully updated.": "Le profil a été mis à jour avec succès.",
    "The role": "Le rôle",
    "The user": "L'utilisateur(trice)",
    "The": "Le",
    "Access denied. For more information, check the log file.": "Accès refusé. Pour plus d'informations, consultez les logs.",
    "An error has occurred. For more information, check the log file.": "Une erreur s'est produite. Pour plus d'informations, consultez les logs.",
    "The profile does not exist. Reload the page to see the new list of profiles.": "Le profil n'existe pas. Rechargez la page pour consulter la liste à nouveau.",
    "The profile has not been added.": "Le profil n'a pas été ajouté.",
    "The profile has not been deleted.": "Le profil n'a pas été supprimé.",
    "The profile has not been updated.": "Le profil n'a pas été mis à jour.",
    "The profile mapping has not been updated.": "Le mapping avec le profil n'a pas été mis à jour.",
    "has been successfully added to the mapping.": "a été ajouté au mapping avec succès.",
    "has been successfully removed from mapping.": "a été retiré du mapping avec succès.",
    "Edit group mapping": "Modifier le mapping avec le groupe",
    "Edit membership mapping": "Modifier le mapping avec l'adhésion",
    "Edit role mapping": "Modifier le mapping avec le rôle",
    "Edit user mapping": "Modifier le mapping avec les utilisateurs(trices)",
    "Before you import profiles, the mapped organization must already be deployed": "Avant d'importer les profils, l'organisation associée doit avoir été déployée.",
    "When you import profiles, it overwrites any existing profiles with the same names": "L'importation remplacera les profils déjà installés qui portent le même nom que les profils importés.",
    "Mapping with Groups": "Mapping avec des groupes",
    "Mapping with Memberships": "Mapping avec des adhésions",
    "Mapping with Roles": "Mapping avec des rôles",
    "Mapping with Users": "Mapping avec des utilisateurs(trices)",
    "A profile includes the mapping to entities of the organization.": "Le profil contient aussi son mapping avec des entités de l'organisation.",
    "Add a group to the mapping": "Ajouter un groupe au mapping",
    "Add a membership to the mapping (Role of Group)": "Ajouter une adhésion au mapping (rôle dans un groupe)",
    "Add a role to the mapping": "Ajouter un rôle au mapping",
    "Add a user to the mapping": "Ajouter un(e) utilisateur(trice) au mapping",
    "Add profiles": "Ajouter des profils",
    "Add user": "Ajouter un(e) utilisateur(trice)",
    "Are you sure you want to delete this profile?": "Êtes-vous sûr(e) de vouloir supprimer ce profil ?",
    "Click here to choose your .xml file.": "Cliquez ici pour choisir le fichier .xml.",
    "Close": "Fermer",
    "Created on": "Crée le",
    "Delete": "Supprimer",
    "Display name": "Nom métier",
    "First name": "Prénom",
    "Group": "Groupe",
    "Groups mapped": "Groupes associés",
    "Last name": "Nom",
    "Load more groups": "Afficher plus de groupes",
    "Load more memberships": "Afficher plus d'adhésions",
    "Load more profiles": "Afficher plus de profils",
    "Load more roles": "Afficher plus de rôles",
    "Load more users": "Afficher plus d'utilisateurs",
    "Memberships mapped": "Adhésions associées",
    "Name*": "Nom*",
    "No description": "Aucune description",
    "No groups to display": "Aucun groupe à afficher",
    "No memberships to display": "Aucune adhésion à afficher",
    "No profiles to display": "Aucun profil à afficher",
    "No roles to display": "Aucun rôle à afficher",
    "No users to display": "Aucun utilisateur à afficher",
    "Parent group": "Groupe parent",
    "Profiles": "Profils",
    "Profiles XML file": "Ficher XML des profils",
    "Role": "Rôle",
    "Roles mapped": "Rôles associés",
    "Save": "Enregistrer",
    "Search by name": "Rechercher un nom",
    "Search mapped groups by name": "Rechercher le nom d'un groupe associé",
    "Search mapped memberships by role name or group name": "Rechercher une adhésion associée (nom du rôle ou nom du groupe)",
    "Search mapped roles by name": "Rechercher le nom d'un rôle associé",
    "Search mapped users by first name, last name, or username": "Rechercher le prénom, nom ou nom d'utilisateur d'un(e) utilisateur(trice) associé(e)",
    "Select how you want to add profiles.": "Sélectionnez comment vous allez ajouter des profils.",
    "Sort by": "Trier par",
    "Start typing to find a new group to add": "Saisissez les première lettres du nouveau groupe à ajouter.",
    "Start typing to find a new role to add": "Saisissez les premières lettres du rôle à ajouter",
    "Start typing to find a new user to add": "Saisissez les premières lettres de l'utilisateur(trice) à ajouter",
    "Updated on": "Mis à jour le",
    "Username": "Nom d'utilisateur",
    "Users mapped": "Utilisateurs(trices) associé(e)s",
    "Groups shown": "Groupes affichés",
    "Memberships shown": "Adhésions affichées",
    "Profiles shown": "Profils affichés",
    "Roles shown": "Rôles affichés",
    "Users shown": "Utilisateurs affichés",
    "profile": "profil",
    "Create a profile": "Créer un profil",
    "Import profiles": "Importer des profils",
    "A profile with the same name already exists.": "Un profil avec le même nom existe déjà.",
    "already exists": "existe déjà",
    "Or type more...": "Ou continuez la saisie ...",
    "A group with the same name is already mapped to this profile.": "Un groupe avec le même nom est déjà associé à ce profil.",
    "The group does not exist anymore.": "Le groupe n'existe plus.",
    "The group or profile cannot be found.": "Le groupe ou profil est introuvable.",
    "A membership with the same role of group is already mapped to this profile.": "Une adhésion avec les mêmes rôle et groupe est déjà associée à ce profil.",
    "The membership does not exist anymore.": "L'adhésion n'existe plus.",
    "The membership or profile cannot be found.": "L'adhésion ou le profil est introuvable.",
    "A role with the same name is already mapped to this profile.": "Un rôle avec le même nom est déjà associé à ce profil.",
    "The role does not exist anymore.": "Le rôle n'existe plus.",
    "The role or profile cannot be found.": "The rôle ou le profil est introuvable.",
    "System": "Système",
    "A user with the same username is already mapped to this profile.": "Un(e) utilisateur(trice) avec le même nom d'utilisateur est déjà associé(e) à ce profil.",
    "The user does not exist anymore.": "L'utilisateur(trice) n'existe plus.",
    "The user or profile cannot be found.": "L'utilisateur(trice) ou le profil est introuvable.",
    "Cancel": "Annuler",
    "Name (Asc)": "Nom (alphabétique)",
    "Name (Desc)": "Nom (inverse alph.)",
    "Title": "Titre",
    "Default label": "Libellé par défaut",
    "Default name": "Nom par défaut",
    "Select": "Sélection",
    "Select an option": "Sélectionnez une option",
    "green": "vert",
    "red": "rouge",
    "blue": "bleu",
    "yes": "oui",
    "no": "non",
    "Id": "Id",
    "Name": "Nom",
    "Description": "Description",
    "Link": "Lien",
    "Submit": "Soumettre",
    "This field is required": "Ce champ est obligatoire",
    "This field length should be larger": "Ce champ doit contenir plus de caractères",
    "This field length should be smaller": "Ce champ doit contenir moins de caractères",
    "This value is too small": "La valeur de ce champ est trop petite",
    "This value is too large": "La valeur de ce champ est trop grande",
    "This is not a valid email": "L'email saisi n'est pas valide",
    "Toggle the text area to HTML source code / Rich text area": "Basculer l'affichage du texte vers HTML / Rich Text",
    "Heading ": "Titre ",
    "Paragraph": "Paragraphe",
    "Preformatted text": "Texte préformaté",
    "Unordered List": "Liste",
    "Ordered List": "Liste numérotée",
    "Quote/unquote selection or paragraph": "Formater le paragraphe ou la sélection en citation",
    "Undo": "Annuler",
    "Redo": "Rétablir",
    "Bold": "Gras",
    "Italic": "Italique",
    "Underline": "Souligné",
    "Strikethrough": "Barré",
    "Align text left": "Aligner le texte à gauche",
    "Align text right": "Aligner le texte à droite",
    "Justify text": "Justifier le texte",
    "Center": "Centrer",
    "Increase indent": "Augmenter l'indentation",
    "Decrease indent": "Diminuer l'indentation",
    "Clear formatting": "Effacer le formatage",
    "Please enter an image URL to insert": "Saisissez l'URL de l'image à insérer",
    "Insert image": "Insérer une image",
    "Insert video": "Insérer une vidéo",
    "Please enter a youtube URL to embed": "Saisissez une URL YouTube à embarquer",
    "Insert / edit link": "Insérer/éditer un lien",
    "Please enter a URL to insert": "Entrez une URL à insérer",
    "Relink": "Changer le lien",
    "Unlink": "Enlever le lien",
    "Open in New Window": "Ouvrir dans une nouvelle fenêtre",
    "Display words Count": "Afficher le nombre de mots",
    "Display characters Count": "Afficher le nombre de caractères",
    "The requested content cannot be loaded.<br />Please try again later.": "Le contenu demandé ne peut pas être téléchargé.<br/> Veuillez réessayer plus tard.",
    "Date": "Date",
    "MM/dd/yyyy": "dd/MM/yyyy",
    "Today": "Aujourd'hui",
    "Now": "Maintenant",
    "Enter a date (mm/dd/yyyy)": "Saisissez une date (jj/mm/aaaa)",
    "Date and time": "Date et heure",
    "h:mm:ss a": "HH:mm:ss",
    "Enter a time (h:mm:ss a)": "Saisissez une heure (hh:mm:ss)",
    "$locale": {
      "DATETIME_FORMATS": {
        "AMPMS": [
          "AM",
          "PM"
        ],
        "DAY": [
          "dimanche",
          "lundi",
          "mardi",
          "mercredi",
          "jeudi",
          "vendredi",
          "samedi"
        ],
        "FIRSTDAYOFWEEK": 1,
        "MONTH": [
          "janvier",
          "février",
          "mars",
          "avril",
          "mai",
          "juin",
          "juillet",
          "août",
          "septembre",
          "octobre",
          "novembre",
          "décembre"
        ],
        "SHORTDAY": [
          "dim.",
          "lun.",
          "mar.",
          "mer.",
          "jeu.",
          "ven.",
          "sam."
        ],
        "SHORTMONTH": [
          "janv.",
          "févr.",
          "mars",
          "avr.",
          "mai",
          "juin",
          "juil.",
          "août",
          "sept.",
          "oct.",
          "nov.",
          "déc."
        ],
        "fullDate": "EEEE d MMMM y",
        "longDate": "d MMMM y",
        "medium": "d MMM y HH:mm:ss",
        "mediumDate": "d MMM y",
        "mediumTime": "HH:mm:ss",
        "short": "dd/MM/y HH:mm",
        "shortDate": "dd/MM/y",
        "shortTime": "HH:mm"
      }
    }
  },
  "es-ES": {
    "of": "de",
    "Add": "Añadir",
    "Edit profile": "Editar perfil",
    "Remove group from mapping": "Eliminar grupo del mapeo",
    "Remove membership from mapping": "Eliminar membresía del mapeo",
    "Remove role from mapping": "Eliminar rol del mapeo",
    "Remove user from mapping": "Eliminar usuario del mapeo",
    "Delete profile": "Eliminar perfil",
    "Show mapping with organization": "Mostrar mapeo con organización",
    "Hide mapping with organization": "Ocultar mapeo con organización",
    "Export profile": "Exportar perfil",
    "The group": "El grupo",
    "The profile has been successfully added.": "El perfil se ha añadido correctamente.",
    "The profile has been successfully deleted.": "El perfil se ha eliminado correctamente.",
    "The profile has been successfully updated.": "El perfil se ha actualizado correctamente.",
    "The role": "El rol",
    "The user": "El usuario",
    "The": "El",
    "Access denied. For more information, check the log file.": "Acceso denegado. Para obtener más información, consulte el archivo de log.",
    "An error has occurred. For more information, check the log file.": "Ha ocurrido un error. Para más información, compruebe el archivo de log.",
    "The profile does not exist. Reload the page to see the new list of profiles.": "El perfil no existe. Recarga la página para ver la nueva lista de perfiles.",
    "The profile has not been added.": "El perfil no ha sido añadido.",
    "The profile has not been deleted.": "El perfil no ha sido eliminado.",
    "The profile has not been updated.": "El perfil no ha sido actualizado.",
    "The profile mapping has not been updated.": "El mapeo de perfil no ha sido actualizado.",
    "has been successfully added to the mapping.": "se ha añadido correctamente al mapeo.",
    "has been successfully removed from mapping.": "se ha eliminado correctamente del mapeo.",
    "Edit group mapping": "Editar mapeo de grupo",
    "Edit membership mapping": "Editar mapeo de membresía",
    "Edit role mapping": "Editar mapeo de rol",
    "Edit user mapping": "Editar mapeo de usuario",
    "Before you import profiles, the mapped organization must already be deployed": "Antes de importar perfiles, la organización mapeada debe estar ya desplegada",
    "When you import profiles, it overwrites any existing profiles with the same names": "Cuando importas perfiles, sobrescribe cualquier perfil existente con los mismos nombres",
    "Mapping with Groups": "Mapeo con grupos",
    "Mapping with Memberships": "Mapeo con membresías",
    "Mapping with Roles": "Mapeo con roles",
    "Mapping with Users": "Mapeo con Usuarios",
    "A profile includes the mapping to entities of the organization.": "Un perfil incluye el mapeo a entidades de la organización.",
    "Add a group to the mapping": "Añadir un grupo al mapeo",
    "Add a membership to the mapping (Role of Group)": "Añadir una membresía al mapeo (Rol en Grupo)",
    "Add a role to the mapping": "Añadir un rol al mapeo",
    "Add a user to the mapping": "Añadir un usuario al mapeo",
    "Add profiles": "Añadir perfiles",
    "Add user": "Añadir usuario",
    "Are you sure you want to delete this profile?": "¿Está seguro que desea eliminar este perfil?",
    "Click here to choose your .xml file.": "Haga clic aquí para elegir su archivo .xml.",
    "Close": "Cerrar",
    "Created on": "Creado el",
    "Delete": "Eliminar",
    "Display name": "Nombre mostrado",
    "First name": "Nombre",
    "Group": "Grupo",
    "Groups mapped": "Grupos mapeados",
    "Last name": "Apellidos",
    "Load more groups": "Cargar más grupos",
    "Load more memberships": "Cargar más membresías",
    "Load more profiles": "Cargar más perfiles",
    "Load more roles": "Cargar más roles",
    "Load more users": "Cargar más usuarios",
    "Memberships mapped": "Membresías mapeadas",
    "Name*": "Nombre*",
    "No description": "No hay descripción",
    "No groups to display": "No hay grupos para mostrar",
    "No memberships to display": "No hay membresías para mostrar",
    "No profiles to display": "No hay perfiles para mostrar",
    "No roles to display": "No hay roles para mostrar",
    "No users to display": "No hay usuarios para mostrar",
    "Parent group": "Grupo padre",
    "Profiles": "Perfiles",
    "Profiles XML file": "Archivo XML de perfiles",
    "Role": "Rol",
    "Roles mapped": "Rol mapeado",
    "Save": "Guardar",
    "Search by name": "Buscar por nombre",
    "Search mapped groups by name": "Buscar grupos asignados por nombre",
    "Search mapped memberships by role name or group name": "Buscar membresias asignadas por rol o grupo",
    "Search mapped roles by name": "Buscar roles asignados por nombre",
    "Search mapped users by first name, last name, or username": "Buscar usuarios asignados por nombre, apellido o nombre de usuario",
    "Select how you want to add profiles.": "Seleccione cómo desea agregar los perfiles.",
    "Sort by": "Ordenar por",
    "Start typing to find a new group to add": "Empieza a escribir para encontrar un nuevo grupo para agregar",
    "Start typing to find a new role to add": "Empieza a escribir para encontrar un nuevo rol para agregar",
    "Start typing to find a new user to add": "Empieza a escribir para encontrar un nuevo usuario para agregar",
    "Updated on": "Actualizado el",
    "Username": "Nombre de Usuario",
    "Users mapped": "Usuarios asignados",
    "Groups shown": "Grupos mostrados",
    "Memberships shown": "Membresías mostradas",
    "Profiles shown": "Perfiles mostrados",
    "Roles shown": "Rol mostrado",
    "Users shown": "Usuarios mostrados",
    "profile": "perfil",
    "Create a profile": "Crear un perfil",
    "Import profiles": "Importar perfiles",
    "A profile with the same name already exists.": "Ya existe un perfil con el mismo nombre.",
    "already exists": "ya existe",
    "Or type more...": "O escriba más...",
    "A group with the same name is already mapped to this profile.": "Un grupo con el mismo nombre ya está asignado a este perfil.",
    "The group does not exist anymore.": "El grupo ya no existe.",
    "The group or profile cannot be found.": "No se ha podido encontrar el grupo o el perfil.",
    "A membership with the same role of group is already mapped to this profile.": "Una membresía con el mismo rol de grupo ya está asignada a este perfil.",
    "The membership does not exist anymore.": "La membresía ya no existe.",
    "The membership or profile cannot be found.": "No se puede encontrar la membresía o el perfil.",
    "A role with the same name is already mapped to this profile.": "Un rol con el mismo nombre ya está asignado a este perfil.",
    "The role does not exist anymore.": "El rol ya no existe.",
    "The role or profile cannot be found.": "No se puede encontrar el rol o el perfil.",
    "System": "Sistema",
    "A user with the same username is already mapped to this profile.": "Un usuario con el mismo nombre de usuario ya está asignado a este perfil.",
    "The user does not exist anymore.": "El usuario ya no existe.",
    "The user or profile cannot be found.": "No se ha encontrado el usuario o el perfil.",
    "Cancel": "Cancelar",
    "Name (Asc)": "Nombre (Asc)",
    "Name (Desc)": "Nombre (Desc)",
    "Title": "Título",
    "Default label": "Etiqueta por defecto",
    "Default name": "Nombre por defecto",
    "Select": "Seleccionar",
    "Select an option": "Selecciona una opción",
    "green": "verde",
    "red": "rojo",
    "blue": "azul",
    "yes": "sí",
    "no": "no",
    "Id": "Id",
    "Name": "Nombre",
    "Description": "Descripción",
    "Link": "Enlace",
    "Submit": "Enviar",
    "This field is required": "Este campo es requerido",
    "This field length should be larger": "La longitud de este campo debería ser mayor",
    "This field length should be smaller": "La longitud de este campo debería ser menor",
    "This value is too small": "El valor de este campo es demasiado pequeño",
    "This value is too large": "El valor de este campo es demasiado grande",
    "This is not a valid email": "El email introducido no es válido",
    "Toggle the text area to HTML source code / Rich text area": "Cambiar la zona de texto por código fuente HTML / Área de texto enriquecido",
    "Heading ": "Título",
    "Paragraph": "Parráfo",
    "Preformatted text": "Texto preformateado",
    "Unordered List": "Lista sin ordenar",
    "Ordered List": "Lista ordenada",
    "Quote/unquote selection or paragraph": "Citar / no citar selección o párrafo",
    "Undo": "Deshacer",
    "Redo": "Rehacer",
    "Bold": "Negrita",
    "Italic": "Itálico",
    "Underline": "Subrayado",
    "Strikethrough": "Tachado",
    "Align text left": "Alinear texto a la izquierda",
    "Align text right": "Alinear texto a la derecha",
    "Justify text": "Justifica el texto",
    "Center": "Centrar",
    "Increase indent": "Aumentar sangría",
    "Decrease indent": "Disminuir sangría",
    "Clear formatting": "Borrar el formato",
    "Please enter an image URL to insert": "Por favor ingrese una URL de imagen para insertar",
    "Insert image": "Insertar imagen",
    "Insert video": "Insertar video",
    "Please enter a youtube URL to embed": "Por favor, introduzca una URL de youtube para incrustar",
    "Insert / edit link": "Insertar / editar enlace",
    "Please enter a URL to insert": "Por favor ingrese una URL para insertar",
    "Relink": "Rehacer el enlace",
    "Unlink": "Deshacer el enlace",
    "Open in New Window": "Abrir en una nueva ventana",
    "Display words Count": "Mostrar el número de palabras",
    "Display characters Count": "Mostrar el número de carácteres",
    "The requested content cannot be loaded.<br />Please try again later.": "El contenido solicitado no puede mostrarse.",
    "Today": "Hoy",
    "Now": "Ahora",
    "Date": "Fecha",
    "MM/dd/yyyy": "dd/MM/yyyy",
    "Enter a date (mm/dd/yyyy)": "Introducir una fecha (dd/mm/aaaa)",
    "Date and time": "Fecha y hora",
    "h:mm:ss a": "H:mm:ss",
    "Enter a time (h:mm:ss a)": "Introducir una hora (h:mm:ss)",
    "$locale": {
      "DATETIME_FORMATS": {
        "AMPMS": [
          "a. m.",
          "p. m."
        ],
        "DAY": [
          "domingo",
          "lunes",
          "martes",
          "miércoles",
          "jueves",
          "viernes",
          "sábado"
        ],
        "FIRSTDAYOFWEEK": 0,
        "MONTH": [
          "enero",
          "febrero",
          "marzo",
          "abril",
          "mayo",
          "junio",
          "julio",
          "agosto",
          "septiembre",
          "octubre",
          "noviembre",
          "diciembre"
        ],
        "SHORTDAY": [
          "dom.",
          "lun.",
          "mar.",
          "mié.",
          "jue.",
          "vie.",
          "sáb."
        ],
        "SHORTMONTH": [
          "ene.",
          "feb.",
          "mar.",
          "abr.",
          "may.",
          "jun.",
          "jul.",
          "ago.",
          "sept.",
          "oct.",
          "nov.",
          "dic."
        ],
        "fullDate": "EEEE, d 'de' MMMM 'de' y",
        "longDate": "d 'de' MMMM 'de' y",
        "medium": "d 'de' MMM 'de' y H:mm:ss",
        "mediumDate": "d 'de' MMM 'de' y",
        "mediumTime": "H:mm:ss",
        "short": "d/M/yy H:mm",
        "shortDate": "d/M/yy",
        "shortTime": "H:mm"
      }
    }
  },
  "ja-JP": {
    "of": "の",
    "Add": "追加",
    "Edit profile": "プロファイルを編集",
    "Remove group from mapping": "マッピングからグループを削除",
    "Remove membership from mapping": "マッピングからメンバーシップを削除する",
    "Remove role from mapping": "役割をマッピングから削除",
    "Remove user from mapping": "マッピングからユーザーを削除",
    "Delete profile": "プロファイルを削除",
    "Show mapping with organization": "組織とのマッピングを表示",
    "Hide mapping with organization": "組織とのマッピングを非表示",
    "Export profile": "プロファイルをエクスポート",
    "The group": "グループ",
    "The profile has been successfully added.": "プロファイルの追加に成功しました。",
    "The profile has been successfully deleted.": "プロファイルが正常に削除されました。",
    "The profile has been successfully updated.": "プロファイルが正常に更新されました。",
    "The role": "ロール（役割）",
    "The user": "ユーザー",
    "The": " ",
    "Access denied. For more information, check the log file.": "アクセスが拒否されました。詳細についてはログファイルを確認してください。",
    "An error has occurred. For more information, check the log file.": "エラーが発生しました。詳細はログファイルを確認してください。",
    "The profile does not exist. Reload the page to see the new list of profiles.": "プロファイルが存在しません。新しいプロファイルリストを表示するには、ページを再読み込みしてください。",
    "The profile has not been added.": "プロファイルが追加されていません。",
    "The profile has not been deleted.": "プロファイルは削除されていません。",
    "The profile has not been updated.": "プロファイルは更新されませんでした。",
    "The profile mapping has not been updated.": "プロファイルのマッピングが更新されませんでした。",
    "has been successfully added to the mapping.": "は正常にマッピングに追加されました。",
    "has been successfully removed from mapping.": "はマッピングから正常に削除されました。",
    "Edit group mapping": "グループマッピングの編集",
    "Edit membership mapping": "所属のマッピングを編集",
    "Edit role mapping": "ロールのマッピングを編集",
    "Edit user mapping": "ユーザーマッピングの編集",
    "Before you import profiles, the mapped organization must already be deployed": "プロファイルをインポートする前に、マップされた組織が既にデプロイされている必要があります",
    "When you import profiles, it overwrites any existing profiles with the same names": "プロファイルをインポートすると、同じ名前の既存のプロファイルが上書きされます",
    "Mapping with Groups": "グループとのマッピング",
    "Mapping with Memberships": "メンバーシップとのマッピング",
    "Mapping with Roles": "ロールとのマッピング",
    "Mapping with Users": "ユーザーとのマッピング",
    "A profile includes the mapping to entities of the organization.": "プロファイルには、組織のエンティティへのマッピングが含まれます。",
    "Add a group to the mapping": "マッピングにグループを追加",
    "Add a membership to the mapping (Role of Group)": "所属をマッピングに追加 (グループのロール)",
    "Add a role to the mapping": "ロールをマッピングに追加",
    "Add a user to the mapping": "ユーザーをマッピングに追加",
    "Add profiles": "プロファイルを追加",
    "Add user": "ユーザを追加",
    "Are you sure you want to delete this profile?": "このプロファイルを削除してもよろしいですか？",
    "Click here to choose your .xml file.": ".xml ファイルを選択するには、ここをクリックします。",
    "Close": "閉じる",
    "Created on": "作成日時",
    "Delete": "削除",
    "Display name": "表示名",
    "First name": "名前（ファーストネーム）",
    "Group": "グループ化",
    "Groups mapped": "マップされたグループ",
    "Last name": "姓（Family name）",
    "Load more groups": "さらにグループを読み込む",
    "Load more memberships": "所属をさらに読み込む",
    "Load more profiles": "さらにプロファイルを読み込む",
    "Load more roles": "さらにロールを読み込む",
    "Load more users": "さらにユーザーを読み込む",
    "Memberships mapped": "所属がマップされました",
    "Name*": "名前*",
    "No description": "説明がありません",
    "No groups to display": "表示できるグループがありません",
    "No memberships to display": "表示できる所属がありません",
    "No profiles to display": "表示できるプロファイルがありません",
    "No roles to display": "表示できるロールがありません",
    "No users to display": "表示できるユーザーがいません",
    "Parent group": "親グループ",
    "Profiles": "プロファイル",
    "Profiles XML file": "プロファイル XML ファイル",
    "Role": "ロール",
    "Roles mapped": "役割（ロール）のマッピング",
    "Save": "保存",
    "Search by name": "名前で検索",
    "Search mapped groups by name": "マップされたグループを名前で検索",
    "Search mapped memberships by role name or group name": "ロール名またはグループ名でマップされた所属を検索",
    "Search mapped roles by name": "名前でマップされたロールを検索",
    "Search mapped users by first name, last name, or username": "マップされたユーザーを名、姓、またはユーザー名で検索",
    "Select how you want to add profiles.": "プロファイルの追加方法を選択します。",
    "Sort by": "ソート",
    "Start typing to find a new group to add": "追加する新しいグループを見つけるために入力を開始します",
    "Start typing to find a new role to add": "新しい役割を追加するために入力を開始します",
    "Start typing to find a new user to add": "追加する新しいユーザーを見つけるために入力を開始します",
    "Updated on": "更新日時",
    "Username": "ユーザーネーム",
    "Users mapped": "マップされたユーザー",
    "Groups shown": "グループを表示",
    "Memberships shown": "メンバーシップの表示",
    "Profiles shown": "プロファイルを表示",
    "Roles shown": "ロールの表示",
    "Users shown": "ユーザ表示",
    "profile": "プロファイル",
    "Create a profile": "プロファイルを作成",
    "Import profiles": "プロファイルをインポート",
    "A profile with the same name already exists.": "同じ名前のプロファイルが既に存在します。",
    "already exists": "既に存在します",
    "Or type more...": "または更に入力...",
    "A group with the same name is already mapped to this profile.": "同じ名前のグループが既にこのプロファイルにマップされています。",
    "The group does not exist anymore.": "グループは既に存在しません。",
    "The group or profile cannot be found.": "グループまたはプロファイルが見つかりません。",
    "A membership with the same role of group is already mapped to this profile.": "同じグループの役割を持つメンバーシップは既にこのプロファイルにマップされています。",
    "The membership does not exist anymore.": "メンバーシップは既に存在しません。",
    "The membership or profile cannot be found.": "メンバーシップまたはプロフィールが見つかりません。",
    "A role with the same name is already mapped to this profile.": "同じ名前のロールが既にこのプロファイルにマップされています。",
    "The role does not exist anymore.": "ロールは既に存在しません。",
    "The role or profile cannot be found.": "ロールまたはプロファイルが見つかりません。",
    "System": "システム",
    "A user with the same username is already mapped to this profile.": "同じユーザー名を持つユーザーは既にこのプロファイルにマップされています。",
    "The user does not exist anymore.": "ユーザーは既に存在しません。",
    "The user or profile cannot be found.": "ユーザーまたはプロファイルが見つかりません。",
    "Cancel": "キャンセル",
    "Name (Asc)": "名前 (昇順)",
    "Name (Desc)": "Name (降順)",
    "Title": "タイトル",
    "Default label": "デフォルト ラベル",
    "Default name": "デフォルト名",
    "Select": "選択",
    "Select an option": "オプションを選択してください",
    "green": "緑",
    "red": "赤",
    "blue": "青",
    "yes": "はい",
    "no": "いいえ",
    "Id": "ID",
    "Name": "名前",
    "Description": "説明",
    "Link": "リンク",
    "Submit": "送信",
    "This field is required": "このフィールドは必須項目です",
    "This field length should be larger": "このフィールドの長さを大きくする必要があります",
    "This field length should be smaller": "このフィールドの長さを小さくする必要があります",
    "This value is too small": "この値が小さすぎます",
    "This value is too large": "この値は大きすぎます",
    "This is not a valid email": "これは有効なメールアドレスではありません",
    "Toggle the text area to HTML source code / Rich text area": "テキストエリアをHTMLソースコード/リッチテキストエリアに切り替えます",
    "Heading ": " ",
    "Paragraph": "パラグラフ（段落）",
    "Preformatted text": "書式付きテキスト",
    "Unordered List": "順序なしリスト",
    "Ordered List": "順序付きリスト",
    "Quote/unquote selection or paragraph": "選択または段落の引用/引用解除",
    "Undo": "元に戻す",
    "Redo": "やり直し",
    "Bold": "太字",
    "Italic": "斜体",
    "Underline": "下線",
    "Strikethrough": "取り消し線",
    "Align text left": "左揃え",
    "Align text right": "右揃え",
    "Justify text": "均等割り付け",
    "Center": "中央揃え",
    "Increase indent": "インデントを上げる",
    "Decrease indent": "インデントを減らす",
    "Clear formatting": "フォーマットをクリア",
    "Please enter an image URL to insert": "挿入する画像 URL を入力してください",
    "Insert image": "画像を挿入",
    "Insert video": "ビデオを挿入",
    "Please enter a youtube URL to embed": "埋め込むYouTubeのURLを入力してください",
    "Insert / edit link": "リンクの挿入 / 編集",
    "Please enter a URL to insert": "挿入する URL を入力してください",
    "Relink": "再リンク",
    "Unlink": "リンクを解除",
    "Open in New Window": "新しいウィンドウに開く",
    "Display words Count": "単語数の表示",
    "Display characters Count": "文字数の表示",
    "The requested content cannot be loaded.<br />Please try again later.": "要求されたコンテンツを読み込むことができません。<br />後でもう一度お試しください。",
    "Today": "今日",
    "Now": "現在",
    "Date": "日付",
    "MM/dd/yyyy": "y/MM/dd",
    "Enter a date (mm/dd/yyyy)": "日付（mm/dd/yyyy）を入力します",
    "Date and time": "日付と時刻",
    "h:mm:ss a": "H:mm:ss",
    "Enter a time (h:mm:ss a)": "時刻を入力 (h:mm:ss a)",
    "$locale": {
      "DATETIME_FORMATS": {
        "AMPMS": [
          "午前",
          "午後"
        ],
        "DAY": [
          "日曜日",
          "月曜日",
          "火曜日",
          "水曜日",
          "木曜日",
          "金曜日",
          "土曜日"
        ],
        "FIRSTDAYOFWEEK": 6,
        "MONTH": [
          "1月",
          "2月",
          "3月",
          "4月",
          "5月",
          "6月",
          "7月",
          "8月",
          "9月",
          "10月",
          "11月",
          "12月"
        ],
        "SHORTDAY": [
          "日",
          "月",
          "火",
          "水",
          "木",
          "金",
          "土"
        ],
        "SHORTMONTH": [
          "1月",
          "2月",
          "3月",
          "4月",
          "5月",
          "6月",
          "7月",
          "8月",
          "9月",
          "10月",
          "11月",
          "12月"
        ],
        "fullDate": "y年M月d日EEEE",
        "longDate": "y年M月d日",
        "medium": "y/MM/dd H:mm:ss",
        "mediumDate": "y/MM/dd",
        "mediumTime": "H:mm:ss",
        "short": "y/MM/dd H:mm",
        "shortDate": "y/MM/dd",
        "shortTime": "H:mm"
      }
    }
  },
  "pt-BR": {
    "of": "de",
    "Add": "Adicionar",
    "Edit profile": "Editar perfil",
    "Remove group from mapping": "Remover grupo do mapeamento",
    "Remove membership from mapping": "Remover associação do mapeamento",
    "Remove role from mapping": "Remover função do mapeamento",
    "Remove user from mapping": "Remover usuário do mapeamento",
    "Delete profile": "Apagar perfil",
    "Show mapping with organization": "Mostrar mapeamento com a organização",
    "Hide mapping with organization": "Ocultar mapeamento com a organização",
    "Export profile": "Exportar perfil",
    "The group": "O grupo",
    "The profile has been successfully added.": "Perfil adicionado com sucesso",
    "The profile has been successfully deleted.": "O perfil foi excluído com sucesso.",
    "The profile has been successfully updated.": "O perfil foi atualizado com sucesso.",
    "The role": "O papel",
    "The user": "O usuário",
    "The": "O",
    "Access denied. For more information, check the log file.": "Acesso negado. Para mais informações, verifique o arquivo de log.",
    "An error has occurred. For more information, check the log file.": "Ocorreu um erro. Para mais informações, verifique o arquivo de log.",
    "The profile does not exist. Reload the page to see the new list of profiles.": "O perfil não existe. Recarregue a página para ver a nova lista de perfis.",
    "The profile has not been added.": "O perfil não foi adicionado.",
    "The profile has not been deleted.": "O perfil não foi excluído.",
    "The profile has not been updated.": "O perfil não foi atualizado.",
    "The profile mapping has not been updated.": "O mapeamento de perfil não foi atualizado.",
    "has been successfully added to the mapping.": "foi adicionado com sucesso ao mapeamento.",
    "has been successfully removed from mapping.": "foi removido do mapeamento com sucesso.",
    "Edit group mapping": "Editar Mapeamento de Grupo",
    "Edit membership mapping": "Editar mapeamento de associação",
    "Edit role mapping": "Editar mapeamento de funções",
    "Edit user mapping": "Editar mapeamento do usuário",
    "Before you import profiles, the mapped organization must already be deployed": "Antes de importar perfis, a organização mapeada já deve estar implantada",
    "When you import profiles, it overwrites any existing profiles with the same names": "Quando você importa perfis, ele substitui qualquer perfil existente com os mesmos nomes",
    "Mapping with Groups": "Mapeamento com Grupos",
    "Mapping with Memberships": "Mapeamento com Associações",
    "Mapping with Roles": "Mapeamento com Papéis",
    "Mapping with Users": "Mapeamento com Usuários",
    "A profile includes the mapping to entities of the organization.": "Um perfil inclui o mapeamento para as entidades da organização.",
    "Add a group to the mapping": "Adicionar um grupo ao mapeamento",
    "Add a membership to the mapping (Role of Group)": "Adicionar uma associação ao mapeamento (papel do grupo)",
    "Add a role to the mapping": "Adicionar uma função ao mapeamento",
    "Add a user to the mapping": "Adicionar um usuário ao mapeamento",
    "Add profiles": "Adicionar perfis",
    "Add user": "Adicionar usuário",
    "Are you sure you want to delete this profile?": "Tem certeza que deseja excluir este perfil?",
    "Click here to choose your .xml file.": "Clique aqui para escolher o arquivo .xml.",
    "Close": "Fechar",
    "Created on": "Criado em",
    "Delete": "Apagar",
    "Display name": "Nome para exibição",
    "First name": "Primeiro nome",
    "Group": "Grupo",
    "Groups mapped": "Grupos mapeados",
    "Last name": "Sobrenome",
    "Load more groups": "Carregar mais grupos",
    "Load more memberships": "Carregar mais membros",
    "Load more profiles": "Carregar mais perfis",
    "Load more roles": "Carregar mais papéis",
    "Load more users": "Carregar mais usuários",
    "Memberships mapped": "Associações mapeadas",
    "Name*": "Nome*",
    "No description": "Sem descrição",
    "No groups to display": "Nenhum grupo para exibir",
    "No memberships to display": "Nenhuma associação para exibir",
    "No profiles to display": "Nenhum perfil para exibir",
    "No roles to display": "Nenhuma função para exibir",
    "No users to display": "Nenhum usuário para exibir",
    "Parent group": "Grupo pai",
    "Profiles": "Perfil",
    "Profiles XML file": "Arquivo XML de Perfis",
    "Role": "Funções",
    "Roles mapped": "Funções mapeadas",
    "Save": "Salvar",
    "Search by name": "Pesquisar por nome",
    "Search mapped groups by name": "Pesquisar grupos mapeados por nome",
    "Search mapped memberships by role name or group name": "Pesquisar associações mapeadas por nome da função ou nome do grupo",
    "Search mapped roles by name": "Pesquisar cargos mapeados por nome",
    "Search mapped users by first name, last name, or username": "Buscar usuários mapeados por nome, sobrenome ou usuário",
    "Select how you want to add profiles.": "Selecione como você deseja adicionar perfis.",
    "Sort by": "Ordenar por",
    "Start typing to find a new group to add": "Comece a digitar para encontrar um novo grupo para adicionar",
    "Start typing to find a new role to add": "Comece a digitar para encontrar um novo cargo para adicionar",
    "Start typing to find a new user to add": "Comece a digitar para encontrar um novo usuário para adicionar",
    "Updated on": "Atualizado em",
    "Username": "Nome de usuário",
    "Users mapped": "Usuários mapeados",
    "Groups shown": "Grupos exibidos",
    "Memberships shown": "Associações mostradas",
    "Profiles shown": "Perfis exibidos",
    "Roles shown": "Papéis mostrados",
    "Users shown": "Mostrar usuários",
    "profile": "perfil",
    "Create a profile": "Criar perfil",
    "Import profiles": "Importar perfis",
    "A profile with the same name already exists.": "Um perfil com o mesmo nome já existe.",
    "already exists": "já existe",
    "Or type more...": "Ou digite mais...",
    "A group with the same name is already mapped to this profile.": "Um grupo com o mesmo nome já está mapeado para este perfil.",
    "The group does not exist anymore.": "O grupo não existe mais.",
    "The group or profile cannot be found.": "O grupo ou perfil não pode ser encontrado.",
    "A membership with the same role of group is already mapped to this profile.": "Um membro com o mesmo papel de grupo já está mapeado para este perfil.",
    "The membership does not exist anymore.": "A adesão não existe mais.",
    "The membership or profile cannot be found.": "Não foi possível encontrar o perfil ou membro",
    "A role with the same name is already mapped to this profile.": "Uma função com o mesmo nome já está mapeada para este perfil.",
    "The role does not exist anymore.": "A função não existe mais.",
    "The role or profile cannot be found.": "Não foi possível encontrar o papel ou o perfil.",
    "System": "Sistema",
    "A user with the same username is already mapped to this profile.": "Um usuário com o mesmo nome de usuário já está mapeado para este perfil.",
    "The user does not exist anymore.": "O usuário não existe mais.",
    "The user or profile cannot be found.": "O usuário ou perfil não podem ser encontrados.",
    "Cancel": "Cancelar",
    "Name (Asc)": "Nome (Asc)",
    "Name (Desc)": "Nome (Desc)",
    "Title": "Título",
    "Default label": "Etiqueta padrão",
    "Default name": "Nome padrão",
    "Select": "Selecionar",
    "Select an option": "Selecionar uma opção",
    "green": "verde",
    "red": "vermelho",
    "blue": "azul",
    "yes": "sim",
    "no": "não",
    "Id": "ID",
    "Name": "Nome",
    "Description": "Descrição",
    "Link": "Link",
    "Submit": "Submeter",
    "This field is required": "Este campo é requerido",
    "This field length should be larger": "Este comprimento de campo deve ser maior",
    "This field length should be smaller": "Este comprimento do campo deve ser menor",
    "This value is too small": "Este valor é muito pequeno",
    "This value is too large": "Este valor é muito grande",
    "This is not a valid email": "Não é um email válido",
    "Toggle the text area to HTML source code / Rich text area": "Alternar a área de texto para o código-fonte HTML / área de rich text",
    "Heading ": "Título ",
    "Paragraph": "Paragrafo",
    "Preformatted text": "Texto preformatado",
    "Unordered List": "Lista não ordenada",
    "Ordered List": "Lista ordenada",
    "Quote/unquote selection or paragraph": "Marcar / Desmarcar seleção ou parágrafo",
    "Undo": "Desfazer",
    "Redo": "Pronto",
    "Bold": "Negrito",
    "Italic": "Italico",
    "Underline": "Sublinhado",
    "Strikethrough": "Tachado",
    "Align text left": "Alinhar texto a esquerda",
    "Align text right": "Alinhar texto a direita",
    "Justify text": "Texto Justificado",
    "Center": "Centralizado",
    "Increase indent": "Aumentar recuo",
    "Decrease indent": "Diminuir recuo",
    "Clear formatting": "Limpar formatação",
    "Please enter an image URL to insert": "Por favor entre com uma URL para inserir",
    "Insert image": "Inserir imagem",
    "Insert video": "Insereir video",
    "Please enter a youtube URL to embed": "Por favor entre com uma URL para inserir",
    "Insert / edit link": "Inserir / editar link",
    "Please enter a URL to insert": "Por favor entre com uma URL para inserir",
    "Relink": "Relink",
    "Unlink": "Desvincular",
    "Open in New Window": "Abrir em Nova Janela",
    "Display words Count": "Exibir contagem de palavras",
    "Display characters Count": "Exibir contagem de caracteres",
    "The requested content cannot be loaded.<br />Please try again later.": "O conteúdo solicitado não pode ser carregado.<br />Por favor tente mais tarde.",
    "Today": "Hoje",
    "Now": "Agora",
    "Date": "Data",
    "MM/dd/yyyy": "MM/dd/yyyy",
    "Enter a date (mm/dd/yyyy)": "Entre com uma data (mm/dd/yyyy)",
    "Date and time": "Data e hora",
    "h:mm:ss a": "h:mm:ss a",
    "Enter a time (h:mm:ss a)": "Entre com uma hora (h:mm:ss a)",
    "$locale": {
      "DATETIME_FORMATS": {
        "AMPMS": [
          "AM",
          "PM"
        ],
        "DAY": [
          "domingo",
          "segunda-feira",
          "terça-feira",
          "quarta-feira",
          "quinta-feira",
          "sexta-feira",
          "sábado"
        ],
        "FIRSTDAYOFWEEK": 6,
        "MONTH": [
          "janeiro",
          "fevereiro",
          "março",
          "abril",
          "maio",
          "junho",
          "julho",
          "agosto",
          "setembro",
          "outubro",
          "novembro",
          "dezembro"
        ],
        "SHORTDAY": [
          "dom",
          "seg",
          "ter",
          "qua",
          "qui",
          "sex",
          "sáb"
        ],
        "SHORTMONTH": [
          "jan",
          "fev",
          "mar",
          "abr",
          "mai",
          "jun",
          "jul",
          "ago",
          "set",
          "out",
          "nov",
          "dez"
        ],
        "fullDate": "EEEE, d 'de' MMMM 'de' y",
        "longDate": "d 'de' MMMM 'de' y",
        "medium": "d 'de' MMM 'de' y HH:mm:ss",
        "mediumDate": "d 'de' MMM 'de' y",
        "mediumTime": "HH:mm:ss",
        "short": "dd/MM/yy HH:mm",
        "shortDate": "dd/MM/yy",
        "shortTime": "HH:mm"
      }
    }
  }
}