{
  "modelVersion" : "2.0",
  "previousArtifactVersion" : "1.10.18",
  "id" : "UserCaseDetailsBonitaV1",
  "name" : "UserCaseDetailsBonitaV1",
  "lastUpdate" : 1613858235087,
  "rows" : [
    [
      {
        "type" : "container",
        "dimension" : {
          "xs" : 12,
          "sm" : 1,
          "md" : 1,
          "lg" : 2
        },
        "propertyValues" : {
          "cssClasses" : {
            "type" : "constant",
            "value" : ""
          },
          "hidden" : {
            "type" : "constant",
            "value" : false
          },
          "repeatedCollection" : {
            "type" : "variable",
            "value" : ""
          }
        },
        "reference" : "fe842980-a7cc-40d3-a8d9-d04b8d7a8677",
        "hasValidationError" : false,
        "id" : "pbContainer",
        "rows" : [
          [ ]
        ]
      },
      {
        "type" : "container",
        "dimension" : {
          "xs" : 12,
          "sm" : 10,
          "md" : 10,
          "lg" : 8
        },
        "propertyValues" : {
          "cssClasses" : {
            "type" : "constant",
            "value" : "mt-20"
          },
          "hidden" : {
            "type" : "expression",
            "value" : "!caseDetailsCtrl.isCaseFound()"
          },
          "repeatedCollection" : {
            "type" : "variable",
            "value" : ""
          }
        },
        "reference" : "92ecc1ab-f7da-4b22-a0d8-63018b8dd72f",
        "hasValidationError" : false,
        "id" : "pbContainer",
        "rows" : [
          [
            {
              "type" : "component",
              "dimension" : {
                "xs" : 2,
                "sm" : 1,
                "md" : 1,
                "lg" : 1
              },
              "propertyValues" : {
                "cssClasses" : {
                  "type" : "constant",
                  "value" : ""
                },
                "hidden" : {
                  "type" : "constant",
                  "value" : false
                },
                "text" : {
                  "type" : "interpolation",
                  "value" : "Back"
                },
                "type" : {
                  "type" : "constant",
                  "value" : "page"
                },
                "targetUrl" : {
                  "type" : "constant",
                  "value" : "http://"
                },
                "pageToken" : {
                  "type" : "constant",
                  "value" : "case-list"
                },
                "processName" : {
                  "type" : "constant"
                },
                "processVersion" : {
                  "type" : "constant"
                },
                "taskId" : {
                  "type" : "constant"
                },
                "caseId" : {
                  "type" : "constant"
                },
                "target" : {
                  "type" : "constant",
                  "value" : "_self"
                },
                "appToken" : {
                  "type" : "constant"
                },
                "urlParams" : {
                  "type" : "constant"
                },
                "alignment" : {
                  "type" : "constant",
                  "value" : "left"
                },
                "buttonStyle" : {
                  "type" : "constant",
                  "value" : "primary"
                }
              },
              "reference" : "c417a394-2f75-41e9-add0-c8f62c611ce1",
              "hasValidationError" : false,
              "id" : "pbLink"
            },
            {
              "type" : "component",
              "dimension" : {
                "xs" : 10,
                "sm" : 11,
                "md" : 11,
                "lg" : 11
              },
              "propertyValues" : {
                "cssClasses" : {
                  "type" : "constant",
                  "value" : ""
                },
                "hidden" : {
                  "type" : "constant",
                  "value" : false
                },
                "text" : {
                  "type" : "interpolation",
                  "value" : "Overview"
                },
                "type" : {
                  "type" : "constant",
                  "value" : "overview"
                },
                "targetUrl" : {
                  "type" : "constant",
                  "value" : "http://"
                },
                "pageToken" : {
                  "type" : "constant"
                },
                "processName" : {
                  "type" : "constant"
                },
                "processVersion" : {
                  "type" : "constant"
                },
                "taskId" : {
                  "type" : "constant"
                },
                "caseId" : {
                  "type" : "expression",
                  "value" : "caseIdQueryParameter"
                },
                "target" : {
                  "type" : "constant",
                  "value" : "_self"
                },
                "appToken" : {
                  "type" : "constant"
                },
                "urlParams" : {
                  "type" : "constant"
                },
                "alignment" : {
                  "type" : "constant",
                  "value" : "right"
                },
                "buttonStyle" : {
                  "type" : "constant",
                  "value" : "primary"
                }
              },
              "reference" : "ad3584fe-5046-40fe-a716-f21c6acaec35",
              "hasValidationError" : false,
              "id" : "pbLink"
            }
          ],
          [
            {
              "type" : "component",
              "dimension" : {
                "xs" : 8,
                "sm" : 8,
                "md" : 12,
                "lg" : 12
              },
              "propertyValues" : {
                "cssClasses" : {
                  "type" : "constant",
                  "value" : ""
                },
                "hidden" : {
                  "type" : "constant",
                  "value" : false
                },
                "text" : {
                  "type" : "interpolation",
                  "value" : "{{'Case ID' | uiTranslate}} : {{caseIdQueryParameter}}"
                },
                "level" : {
                  "type" : "constant",
                  "value" : "Level 3"
                },
                "alignment" : {
                  "type" : "constant",
                  "value" : "left"
                }
              },
              "reference" : "8b476f54-0461-4506-a566-bef6c2780476",
              "hasValidationError" : false,
              "id" : "pbTitle"
            }
          ],
          [
            {
              "type" : "component",
              "dimension" : {
                "xs" : 12,
                "sm" : 12,
                "md" : 12,
                "lg" : 12
              },
              "propertyValues" : {
                "cssClasses" : {
                  "type" : "constant",
                  "value" : "text-primary"
                },
                "hidden" : {
                  "type" : "constant",
                  "value" : false
                },
                "text" : {
                  "type" : "interpolation",
                  "value" : "General"
                },
                "level" : {
                  "type" : "constant",
                  "value" : "Level 4"
                },
                "alignment" : {
                  "type" : "constant",
                  "value" : "left"
                }
              },
              "reference" : "f1018b26-95cf-4cdf-aa09-cad608b83b04",
              "hasValidationError" : false,
              "id" : "pbTitle"
            }
          ],
          [
            {
              "type" : "container",
              "dimension" : {
                "xs" : 12,
                "sm" : 12,
                "md" : 12,
                "lg" : 12
              },
              "propertyValues" : {
                "cssClasses" : {
                  "type" : "constant",
                  "value" : "pb-0"
                },
                "hidden" : {
                  "type" : "constant",
                  "value" : false
                },
                "repeatedCollection" : {
                  "type" : "variable",
                  "value" : ""
                }
              },
              "reference" : "597dbaf5-b0c8-4f2e-86b1-4797d80a4a61",
              "hasValidationError" : false,
              "id" : "pbContainer",
              "rows" : [
                [
                  {
                    "type" : "component",
                    "dimension" : {
                      "xs" : 12,
                      "sm" : 12,
                      "md" : 12,
                      "lg" : 12
                    },
                    "propertyValues" : {
                      "cssClasses" : {
                        "type" : "constant",
                        "value" : "item-label"
                      },
                      "hidden" : {
                        "type" : "constant",
                        "value" : false
                      },
                      "labelHidden" : {
                        "type" : "constant",
                        "value" : true
                      },
                      "label" : {
                        "type" : "interpolation",
                        "value" : "Default label"
                      },
                      "labelPosition" : {
                        "type" : "constant",
                        "value" : "top"
                      },
                      "labelWidth" : {
                        "type" : "constant",
                        "value" : 4
                      },
                      "allowHTML" : {
                        "type" : "constant",
                        "value" : true
                      },
                      "text" : {
                        "type" : "interpolation",
                        "value" : "{{\"Process name (version)\" | uiTranslate}}"
                      },
                      "alignment" : {
                        "type" : "constant",
                        "value" : "left"
                      }
                    },
                    "reference" : "a7b79005-e400-4512-9f5d-caceaaec9203",
                    "hasValidationError" : false,
                    "id" : "pbText"
                  }
                ],
                [
                  {
                    "type" : "component",
                    "dimension" : {
                      "xs" : 12,
                      "sm" : 12,
                      "md" : 12,
                      "lg" : 12
                    },
                    "propertyValues" : {
                      "cssClasses" : {
                        "type" : "constant",
                        "value" : "item-value mb-0 mt-0"
                      },
                      "hidden" : {
                        "type" : "constant",
                        "value" : false
                      },
                      "labelHidden" : {
                        "type" : "constant",
                        "value" : true
                      },
                      "label" : {
                        "type" : "interpolation",
                        "value" : "Default label"
                      },
                      "labelPosition" : {
                        "type" : "constant",
                        "value" : "top"
                      },
                      "labelWidth" : {
                        "type" : "constant",
                        "value" : 4
                      },
                      "allowHTML" : {
                        "type" : "constant",
                        "value" : true
                      },
                      "text" : {
                        "type" : "interpolation",
                        "value" : "{{caseDetailsCtrl.getOpenOrArchivedCase().processDefinitionId.displayName}} ({{caseDetailsCtrl.getOpenOrArchivedCase().processDefinitionId.version}})"
                      },
                      "alignment" : {
                        "type" : "constant",
                        "value" : "left"
                      }
                    },
                    "reference" : "d41f39ac-41dd-4286-a8c8-4e47caa80cd1",
                    "hasValidationError" : false,
                    "id" : "pbText"
                  }
                ]
              ]
            }
          ],
          [
            {
              "type" : "container",
              "dimension" : {
                "xs" : 12,
                "sm" : 4,
                "md" : 4,
                "lg" : 4
              },
              "propertyValues" : {
                "cssClasses" : {
                  "type" : "constant",
                  "value" : "pb-0"
                },
                "hidden" : {
                  "type" : "constant",
                  "value" : false
                },
                "repeatedCollection" : {
                  "type" : "variable",
                  "value" : ""
                }
              },
              "reference" : "a720a4c5-0092-47fe-a630-6afdea89c021",
              "hasValidationError" : false,
              "id" : "pbContainer",
              "rows" : [
                [
                  {
                    "type" : "component",
                    "dimension" : {
                      "xs" : 12,
                      "sm" : 12,
                      "md" : 12,
                      "lg" : 12
                    },
                    "propertyValues" : {
                      "cssClasses" : {
                        "type" : "constant",
                        "value" : "item-label"
                      },
                      "hidden" : {
                        "type" : "constant",
                        "value" : false
                      },
                      "labelHidden" : {
                        "type" : "constant",
                        "value" : true
                      },
                      "label" : {
                        "type" : "interpolation",
                        "value" : "Default label"
                      },
                      "labelPosition" : {
                        "type" : "constant",
                        "value" : "top"
                      },
                      "labelWidth" : {
                        "type" : "constant",
                        "value" : 4
                      },
                      "allowHTML" : {
                        "type" : "constant",
                        "value" : true
                      },
                      "text" : {
                        "type" : "interpolation",
                        "value" : "{{\"Started by\" | uiTranslate}}"
                      },
                      "alignment" : {
                        "type" : "constant",
                        "value" : "left"
                      }
                    },
                    "reference" : "6d7fd215-085d-41dc-9d56-ffc0efb7e6f8",
                    "hasValidationError" : false,
                    "id" : "pbText"
                  }
                ],
                [
                  {
                    "type" : "component",
                    "dimension" : {
                      "xs" : 12,
                      "sm" : 12,
                      "md" : 12,
                      "lg" : 12
                    },
                    "propertyValues" : {
                      "cssClasses" : {
                        "type" : "constant",
                        "value" : "item-value"
                      },
                      "hidden" : {
                        "type" : "constant",
                        "value" : false
                      },
                      "labelHidden" : {
                        "type" : "constant",
                        "value" : true
                      },
                      "label" : {
                        "type" : "interpolation",
                        "value" : "Default label"
                      },
                      "labelPosition" : {
                        "type" : "constant",
                        "value" : "top"
                      },
                      "labelWidth" : {
                        "type" : "constant",
                        "value" : 4
                      },
                      "allowHTML" : {
                        "type" : "constant",
                        "value" : true
                      },
                      "text" : {
                        "type" : "interpolation",
                        "value" : "{{caseDetailsCtrl.getUserDisplayName(caseDetailsCtrl.getOpenOrArchivedCase().started_by)}}"
                      },
                      "alignment" : {
                        "type" : "constant",
                        "value" : "left"
                      }
                    },
                    "reference" : "4c46a7fd-4c66-49c5-870a-bafdbe8517ff",
                    "hasValidationError" : false,
                    "id" : "pbText"
                  }
                ]
              ]
            },
            {
              "type" : "container",
              "dimension" : {
                "xs" : 12,
                "sm" : 4,
                "md" : 4,
                "lg" : 4
              },
              "propertyValues" : {
                "cssClasses" : {
                  "type" : "constant",
                  "value" : ""
                },
                "hidden" : {
                  "type" : "constant",
                  "value" : false
                },
                "repeatedCollection" : {
                  "type" : "variable",
                  "value" : ""
                }
              },
              "reference" : "7531c6af-44cd-4993-bc2e-f36c111c4e37",
              "hasValidationError" : false,
              "id" : "pbContainer",
              "rows" : [
                [
                  {
                    "type" : "component",
                    "dimension" : {
                      "xs" : 12,
                      "sm" : 12,
                      "md" : 12,
                      "lg" : 12
                    },
                    "propertyValues" : {
                      "cssClasses" : {
                        "type" : "constant",
                        "value" : "item-label"
                      },
                      "hidden" : {
                        "type" : "constant",
                        "value" : false
                      },
                      "labelHidden" : {
                        "type" : "constant",
                        "value" : true
                      },
                      "label" : {
                        "type" : "interpolation",
                        "value" : "Default label"
                      },
                      "labelPosition" : {
                        "type" : "constant",
                        "value" : "top"
                      },
                      "labelWidth" : {
                        "type" : "constant",
                        "value" : 4
                      },
                      "allowHTML" : {
                        "type" : "constant",
                        "value" : true
                      },
                      "text" : {
                        "type" : "interpolation",
                        "value" : "{{\"Started on\" | uiTranslate}}"
                      },
                      "alignment" : {
                        "type" : "constant",
                        "value" : "left"
                      }
                    },
                    "reference" : "40102612-0e62-4b53-9ef0-d001aae80bb3",
                    "hasValidationError" : false,
                    "id" : "pbText"
                  }
                ],
                [
                  {
                    "type" : "component",
                    "dimension" : {
                      "xs" : 12,
                      "sm" : 12,
                      "md" : 12,
                      "lg" : 12
                    },
                    "propertyValues" : {
                      "cssClasses" : {
                        "type" : "constant",
                        "value" : "item-value"
                      },
                      "hidden" : {
                        "type" : "constant",
                        "value" : false
                      },
                      "labelHidden" : {
                        "type" : "constant",
                        "value" : true
                      },
                      "label" : {
                        "type" : "interpolation",
                        "value" : "Default label"
                      },
                      "labelPosition" : {
                        "type" : "constant",
                        "value" : "top"
                      },
                      "labelWidth" : {
                        "type" : "constant",
                        "value" : 4
                      },
                      "allowHTML" : {
                        "type" : "constant",
                        "value" : true
                      },
                      "text" : {
                        "type" : "interpolation",
                        "value" : "{{caseDetailsCtrl.getOpenOrArchivedCase().start.replace(\" \", \"T\")|uiDate:'short'}}"
                      },
                      "alignment" : {
                        "type" : "constant",
                        "value" : "left"
                      }
                    },
                    "reference" : "9d30170f-03f4-4781-b522-d54ce142d960",
                    "hasValidationError" : false,
                    "id" : "pbText"
                  }
                ]
              ]
            }
          ],
          [
            {
              "type" : "container",
              "dimension" : {
                "xs" : 12,
                "sm" : 4,
                "md" : 4,
                "lg" : 4
              },
              "propertyValues" : {
                "cssClasses" : {
                  "type" : "constant",
                  "value" : ""
                },
                "hidden" : {
                  "type" : "constant",
                  "value" : false
                },
                "repeatedCollection" : {
                  "type" : "variable",
                  "value" : ""
                }
              },
              "reference" : "c2b48786-9cc1-47fc-a29d-5619734307c0",
              "hasValidationError" : false,
              "id" : "pbContainer",
              "rows" : [
                [
                  {
                    "type" : "component",
                    "dimension" : {
                      "xs" : 12,
                      "sm" : 12,
                      "md" : 12,
                      "lg" : 12
                    },
                    "propertyValues" : {
                      "cssClasses" : {
                        "type" : "constant",
                        "value" : "item-label"
                      },
                      "hidden" : {
                        "type" : "constant",
                        "value" : false
                      },
                      "labelHidden" : {
                        "type" : "constant",
                        "value" : true
                      },
                      "label" : {
                        "type" : "interpolation",
                        "value" : "Default label"
                      },
                      "labelPosition" : {
                        "type" : "constant",
                        "value" : "top"
                      },
                      "labelWidth" : {
                        "type" : "constant",
                        "value" : 4
                      },
                      "allowHTML" : {
                        "type" : "constant",
                        "value" : true
                      },
                      "text" : {
                        "type" : "interpolation",
                        "value" : "{{\"State\" | uiTranslate}}"
                      },
                      "alignment" : {
                        "type" : "constant",
                        "value" : "left"
                      }
                    },
                    "reference" : "906291de-a0ac-4108-9b1b-e8ebec1177da",
                    "hasValidationError" : false,
                    "id" : "pbText"
                  }
                ],
                [
                  {
                    "type" : "component",
                    "dimension" : {
                      "xs" : 12,
                      "sm" : 12,
                      "md" : 12,
                      "lg" : 12
                    },
                    "propertyValues" : {
                      "cssClasses" : {
                        "type" : "constant",
                        "value" : "item-value"
                      },
                      "hidden" : {
                        "type" : "constant",
                        "value" : false
                      },
                      "labelHidden" : {
                        "type" : "constant",
                        "value" : true
                      },
                      "label" : {
                        "type" : "interpolation",
                        "value" : "Default label"
                      },
                      "labelPosition" : {
                        "type" : "constant",
                        "value" : "top"
                      },
                      "labelWidth" : {
                        "type" : "constant",
                        "value" : 4
                      },
                      "allowHTML" : {
                        "type" : "constant",
                        "value" : true
                      },
                      "text" : {
                        "type" : "interpolation",
                        "value" : "{{caseDetailsCtrl.getOpenOrArchivedCase().state}}"
                      },
                      "alignment" : {
                        "type" : "constant",
                        "value" : "left"
                      }
                    },
                    "reference" : "9ae8930c-211c-4c8b-a8d0-7d1cfd68e147",
                    "hasValidationError" : false,
                    "id" : "pbText"
                  }
                ]
              ]
            },
            {
              "type" : "container",
              "dimension" : {
                "xs" : 12,
                "sm" : 4,
                "md" : 4,
                "lg" : 4
              },
              "propertyValues" : {
                "cssClasses" : {
                  "type" : "constant",
                  "value" : ""
                },
                "hidden" : {
                  "type" : "constant",
                  "value" : false
                },
                "repeatedCollection" : {
                  "type" : "variable",
                  "value" : ""
                }
              },
              "reference" : "198dfcf0-0575-4ea3-b891-8ada22825479",
              "hasValidationError" : false,
              "id" : "pbContainer",
              "rows" : [
                [
                  {
                    "type" : "component",
                    "dimension" : {
                      "xs" : 12,
                      "sm" : 12,
                      "md" : 12,
                      "lg" : 12
                    },
                    "propertyValues" : {
                      "cssClasses" : {
                        "type" : "constant",
                        "value" : "item-label"
                      },
                      "hidden" : {
                        "type" : "constant",
                        "value" : false
                      },
                      "labelHidden" : {
                        "type" : "constant",
                        "value" : true
                      },
                      "label" : {
                        "type" : "interpolation",
                        "value" : "Default label"
                      },
                      "labelPosition" : {
                        "type" : "constant",
                        "value" : "top"
                      },
                      "labelWidth" : {
                        "type" : "constant",
                        "value" : 4
                      },
                      "allowHTML" : {
                        "type" : "constant",
                        "value" : true
                      },
                      "text" : {
                        "type" : "interpolation",
                        "value" : "{{\"Last updated\" | uiTranslate}}"
                      },
                      "alignment" : {
                        "type" : "constant",
                        "value" : "left"
                      }
                    },
                    "reference" : "ffcefb91-0b30-458d-9872-927faba3c070",
                    "hasValidationError" : false,
                    "id" : "pbText"
                  }
                ],
                [
                  {
                    "type" : "component",
                    "dimension" : {
                      "xs" : 12,
                      "sm" : 12,
                      "md" : 12,
                      "lg" : 12
                    },
                    "propertyValues" : {
                      "cssClasses" : {
                        "type" : "constant",
                        "value" : "item-value"
                      },
                      "hidden" : {
                        "type" : "constant",
                        "value" : false
                      },
                      "labelHidden" : {
                        "type" : "constant",
                        "value" : true
                      },
                      "label" : {
                        "type" : "interpolation",
                        "value" : "Default label"
                      },
                      "labelPosition" : {
                        "type" : "constant",
                        "value" : "top"
                      },
                      "labelWidth" : {
                        "type" : "constant",
                        "value" : 4
                      },
                      "allowHTML" : {
                        "type" : "constant",
                        "value" : true
                      },
                      "text" : {
                        "type" : "interpolation",
                        "value" : "{{caseDetailsCtrl.getOpenOrArchivedCase().last_update_date.replace(\" \", \"T\")|uiDate:'short'}}"
                      },
                      "alignment" : {
                        "type" : "constant",
                        "value" : "left"
                      }
                    },
                    "reference" : "6631c2e2-7af6-4fba-bffe-33e93048718f",
                    "hasValidationError" : false,
                    "id" : "pbText"
                  }
                ]
              ]
            },
            {
              "type" : "container",
              "dimension" : {
                "xs" : 12,
                "sm" : 4,
                "md" : 4,
                "lg" : 4
              },
              "propertyValues" : {
                "cssClasses" : {
                  "type" : "constant",
                  "value" : ""
                },
                "hidden" : {
                  "type" : "expression",
                  "value" : "caseDetailsCtrl.isArchived()"
                },
                "repeatedCollection" : {
                  "type" : "variable",
                  "value" : ""
                }
              },
              "reference" : "4caf17f9-0901-42eb-9852-d1bf0a9295b6",
              "hasValidationError" : false,
              "id" : "pbContainer",
              "rows" : [
                [
                  {
                    "type" : "component",
                    "dimension" : {
                      "xs" : 12,
                      "sm" : 12,
                      "md" : 12,
                      "lg" : 12
                    },
                    "propertyValues" : {
                      "cssClasses" : {
                        "type" : "constant",
                        "value" : "item-label"
                      },
                      "hidden" : {
                        "type" : "constant",
                        "value" : false
                      },
                      "labelHidden" : {
                        "type" : "constant",
                        "value" : true
                      },
                      "label" : {
                        "type" : "interpolation",
                        "value" : "Default label"
                      },
                      "labelPosition" : {
                        "type" : "constant",
                        "value" : "top"
                      },
                      "labelWidth" : {
                        "type" : "constant",
                        "value" : 4
                      },
                      "allowHTML" : {
                        "type" : "constant",
                        "value" : true
                      },
                      "text" : {
                        "type" : "interpolation",
                        "value" : "{{\"Available tasks\" | uiTranslate}}"
                      },
                      "alignment" : {
                        "type" : "constant",
                        "value" : "left"
                      }
                    },
                    "reference" : "14a5ff9d-be2f-4010-a609-d848ab9a1d7a",
                    "hasValidationError" : false,
                    "id" : "pbText"
                  }
                ],
                [
                  {
                    "type" : "component",
                    "dimension" : {
                      "xs" : 12,
                      "sm" : 12,
                      "md" : 12,
                      "lg" : 12
                    },
                    "propertyValues" : {
                      "cssClasses" : {
                        "type" : "constant",
                        "value" : "item-value mt-0 pt-0"
                      },
                      "hidden" : {
                        "type" : "constant",
                        "value" : false
                      },
                      "text" : {
                        "type" : "interpolation",
                        "value" : "{{availableTasks.length}}"
                      },
                      "type" : {
                        "type" : "constant",
                        "value" : "URL"
                      },
                      "targetUrl" : {
                        "type" : "expression",
                        "value" : "\"../../task-list/content/#?case=\" + caseIdQueryParameter"
                      },
                      "pageToken" : {
                        "type" : "constant",
                        "value" : "task-list"
                      },
                      "processName" : {
                        "type" : "constant"
                      },
                      "processVersion" : {
                        "type" : "constant"
                      },
                      "taskId" : {
                        "type" : "constant"
                      },
                      "caseId" : {
                        "type" : "constant"
                      },
                      "target" : {
                        "type" : "constant",
                        "value" : "_self"
                      },
                      "appToken" : {
                        "type" : "constant"
                      },
                      "urlParams" : {
                        "type" : "expression",
                        "value" : "caseDetailsData.taskListUrlParameters"
                      },
                      "alignment" : {
                        "type" : "constant",
                        "value" : "left"
                      },
                      "buttonStyle" : {
                        "type" : "constant",
                        "value" : "link"
                      }
                    },
                    "reference" : "a422ddb7-46ef-47a5-b408-548d7fc78c92",
                    "hasValidationError" : false,
                    "id" : "pbLink"
                  }
                ]
              ]
            }
          ],
          [
            {
              "type" : "container",
              "dimension" : {
                "xs" : 12,
                "sm" : 12,
                "md" : 12,
                "lg" : 12
              },
              "propertyValues" : {
                "cssClasses" : {
                  "type" : "constant",
                  "value" : "mt-20"
                },
                "hidden" : {
                  "type" : "expression",
                  "value" : "!caseDetailsCtrl.getOpenOrArchivedCase().searchIndex1Label && !caseDetailsCtrl.getOpenOrArchivedCase().searchIndex2Label && !caseDetailsCtrl.getOpenOrArchivedCase().searchIndex3Label && !caseDetailsCtrl.getOpenOrArchivedCase().searchIndex4Label && !caseDetailsCtrl.getOpenOrArchivedCase().searchIndex5Label"
                },
                "repeatedCollection" : {
                  "type" : "variable",
                  "value" : ""
                }
              },
              "reference" : "e7a44b8a-2c3e-4557-a473-a96825df4266",
              "hasValidationError" : false,
              "id" : "pbContainer",
              "rows" : [
                [
                  {
                    "type" : "component",
                    "dimension" : {
                      "xs" : 12,
                      "sm" : 12,
                      "md" : 12,
                      "lg" : 12
                    },
                    "propertyValues" : {
                      "cssClasses" : {
                        "type" : "constant",
                        "value" : "margin-bottom-0 text-primary"
                      },
                      "hidden" : {
                        "type" : "constant",
                        "value" : false
                      },
                      "text" : {
                        "type" : "interpolation",
                        "value" : "Search keys"
                      },
                      "level" : {
                        "type" : "constant",
                        "value" : "Level 4"
                      },
                      "alignment" : {
                        "type" : "constant",
                        "value" : "left"
                      }
                    },
                    "reference" : "2a32c37c-0181-424a-aac8-8e66a696043c",
                    "hasValidationError" : false,
                    "id" : "pbTitle"
                  }
                ],
                [
                  {
                    "type" : "container",
                    "dimension" : {
                      "xs" : 12,
                      "sm" : 4,
                      "md" : 4,
                      "lg" : 4
                    },
                    "propertyValues" : {
                      "cssClasses" : {
                        "type" : "constant",
                        "value" : ""
                      },
                      "hidden" : {
                        "type" : "constant",
                        "value" : false
                      },
                      "repeatedCollection" : {
                        "type" : "variable",
                        "value" : ""
                      }
                    },
                    "reference" : "9e15efab-a914-4c3b-9ae8-ce73e4f43016",
                    "hasValidationError" : false,
                    "id" : "pbContainer",
                    "rows" : [
                      [
                        {
                          "type" : "component",
                          "dimension" : {
                            "xs" : 12,
                            "sm" : 12,
                            "md" : 12,
                            "lg" : 12
                          },
                          "propertyValues" : {
                            "cssClasses" : {
                              "type" : "constant",
                              "value" : "item-label"
                            },
                            "hidden" : {
                              "type" : "constant",
                              "value" : false
                            },
                            "labelHidden" : {
                              "type" : "constant",
                              "value" : true
                            },
                            "label" : {
                              "type" : "interpolation",
                              "value" : "Default label"
                            },
                            "labelPosition" : {
                              "type" : "constant",
                              "value" : "top"
                            },
                            "labelWidth" : {
                              "type" : "constant",
                              "value" : 4
                            },
                            "allowHTML" : {
                              "type" : "constant",
                              "value" : true
                            },
                            "text" : {
                              "type" : "interpolation",
                              "value" : "{{caseDetailsCtrl.getOpenOrArchivedCase().searchIndex1Label}}"
                            },
                            "alignment" : {
                              "type" : "constant",
                              "value" : "left"
                            }
                          },
                          "reference" : "1183f554-7eb0-45fa-94af-6dcfc9024c93",
                          "hasValidationError" : false,
                          "id" : "pbText"
                        }
                      ],
                      [
                        {
                          "type" : "component",
                          "dimension" : {
                            "xs" : 12,
                            "sm" : 12,
                            "md" : 12,
                            "lg" : 12
                          },
                          "propertyValues" : {
                            "cssClasses" : {
                              "type" : "constant",
                              "value" : "item-value"
                            },
                            "hidden" : {
                              "type" : "constant",
                              "value" : false
                            },
                            "labelHidden" : {
                              "type" : "constant",
                              "value" : true
                            },
                            "label" : {
                              "type" : "interpolation",
                              "value" : "Default label"
                            },
                            "labelPosition" : {
                              "type" : "constant",
                              "value" : "top"
                            },
                            "labelWidth" : {
                              "type" : "constant",
                              "value" : 4
                            },
                            "allowHTML" : {
                              "type" : "constant",
                              "value" : true
                            },
                            "text" : {
                              "type" : "interpolation",
                              "value" : "{{caseDetailsCtrl.getOpenOrArchivedCase().searchIndex1Value}}"
                            },
                            "alignment" : {
                              "type" : "constant",
                              "value" : "left"
                            }
                          },
                          "reference" : "9de40d70-b565-460b-ba1e-f90a828cd39d",
                          "hasValidationError" : false,
                          "id" : "pbText"
                        }
                      ]
                    ]
                  },
                  {
                    "type" : "container",
                    "dimension" : {
                      "xs" : 12,
                      "sm" : 4,
                      "md" : 4,
                      "lg" : 4
                    },
                    "propertyValues" : {
                      "cssClasses" : {
                        "type" : "constant",
                        "value" : ""
                      },
                      "hidden" : {
                        "type" : "constant",
                        "value" : false
                      },
                      "repeatedCollection" : {
                        "type" : "variable",
                        "value" : ""
                      }
                    },
                    "reference" : "dcf12f2e-dc29-4948-98b2-397f71bdcad6",
                    "hasValidationError" : false,
                    "id" : "pbContainer",
                    "rows" : [
                      [
                        {
                          "type" : "component",
                          "dimension" : {
                            "xs" : 12,
                            "sm" : 12,
                            "md" : 12,
                            "lg" : 12
                          },
                          "propertyValues" : {
                            "cssClasses" : {
                              "type" : "constant",
                              "value" : "item-label"
                            },
                            "hidden" : {
                              "type" : "constant",
                              "value" : false
                            },
                            "labelHidden" : {
                              "type" : "constant",
                              "value" : true
                            },
                            "label" : {
                              "type" : "interpolation",
                              "value" : "Default label"
                            },
                            "labelPosition" : {
                              "type" : "constant",
                              "value" : "top"
                            },
                            "labelWidth" : {
                              "type" : "constant",
                              "value" : 4
                            },
                            "allowHTML" : {
                              "type" : "constant",
                              "value" : true
                            },
                            "text" : {
                              "type" : "interpolation",
                              "value" : "{{caseDetailsCtrl.getOpenOrArchivedCase().searchIndex2Label}}"
                            },
                            "alignment" : {
                              "type" : "constant",
                              "value" : "left"
                            }
                          },
                          "reference" : "01b5c8fe-d608-4e96-b548-8a434b73204e",
                          "hasValidationError" : false,
                          "id" : "pbText"
                        }
                      ],
                      [
                        {
                          "type" : "component",
                          "dimension" : {
                            "xs" : 12,
                            "sm" : 12,
                            "md" : 12,
                            "lg" : 12
                          },
                          "propertyValues" : {
                            "cssClasses" : {
                              "type" : "constant",
                              "value" : "item-value"
                            },
                            "hidden" : {
                              "type" : "constant",
                              "value" : false
                            },
                            "labelHidden" : {
                              "type" : "constant",
                              "value" : true
                            },
                            "label" : {
                              "type" : "interpolation",
                              "value" : "Default label"
                            },
                            "labelPosition" : {
                              "type" : "constant",
                              "value" : "top"
                            },
                            "labelWidth" : {
                              "type" : "constant",
                              "value" : 4
                            },
                            "allowHTML" : {
                              "type" : "constant",
                              "value" : true
                            },
                            "text" : {
                              "type" : "interpolation",
                              "value" : "{{caseDetailsCtrl.getOpenOrArchivedCase().searchIndex2Value}}"
                            },
                            "alignment" : {
                              "type" : "constant",
                              "value" : "left"
                            }
                          },
                          "reference" : "262d917e-54f5-492f-b532-bd67bf073837",
                          "hasValidationError" : false,
                          "id" : "pbText"
                        }
                      ]
                    ]
                  },
                  {
                    "type" : "container",
                    "dimension" : {
                      "xs" : 12,
                      "sm" : 4,
                      "md" : 4,
                      "lg" : 4
                    },
                    "propertyValues" : {
                      "cssClasses" : {
                        "type" : "constant",
                        "value" : ""
                      },
                      "hidden" : {
                        "type" : "constant",
                        "value" : false
                      },
                      "repeatedCollection" : {
                        "type" : "variable",
                        "value" : ""
                      }
                    },
                    "reference" : "7ea49d08-3c1a-4dbc-afce-e0a86240df71",
                    "hasValidationError" : false,
                    "id" : "pbContainer",
                    "rows" : [
                      [
                        {
                          "type" : "component",
                          "dimension" : {
                            "xs" : 12,
                            "sm" : 12,
                            "md" : 12,
                            "lg" : 12
                          },
                          "propertyValues" : {
                            "cssClasses" : {
                              "type" : "constant",
                              "value" : "item-label"
                            },
                            "hidden" : {
                              "type" : "constant",
                              "value" : false
                            },
                            "labelHidden" : {
                              "type" : "constant",
                              "value" : true
                            },
                            "label" : {
                              "type" : "interpolation",
                              "value" : "Default label"
                            },
                            "labelPosition" : {
                              "type" : "constant",
                              "value" : "top"
                            },
                            "labelWidth" : {
                              "type" : "constant",
                              "value" : 4
                            },
                            "allowHTML" : {
                              "type" : "constant",
                              "value" : true
                            },
                            "text" : {
                              "type" : "interpolation",
                              "value" : "{{caseDetailsCtrl.getOpenOrArchivedCase().searchIndex3Label}}"
                            },
                            "alignment" : {
                              "type" : "constant",
                              "value" : "left"
                            }
                          },
                          "reference" : "cd36be3f-83d6-4a55-be25-ea56059b3485",
                          "hasValidationError" : false,
                          "id" : "pbText"
                        }
                      ],
                      [
                        {
                          "type" : "component",
                          "dimension" : {
                            "xs" : 12,
                            "sm" : 12,
                            "md" : 12,
                            "lg" : 12
                          },
                          "propertyValues" : {
                            "cssClasses" : {
                              "type" : "constant",
                              "value" : "item-value"
                            },
                            "hidden" : {
                              "type" : "constant",
                              "value" : false
                            },
                            "labelHidden" : {
                              "type" : "constant",
                              "value" : true
                            },
                            "label" : {
                              "type" : "interpolation",
                              "value" : "Default label"
                            },
                            "labelPosition" : {
                              "type" : "constant",
                              "value" : "top"
                            },
                            "labelWidth" : {
                              "type" : "constant",
                              "value" : 4
                            },
                            "allowHTML" : {
                              "type" : "constant",
                              "value" : true
                            },
                            "text" : {
                              "type" : "interpolation",
                              "value" : "{{caseDetailsCtrl.getOpenOrArchivedCase().searchIndex3Value}}"
                            },
                            "alignment" : {
                              "type" : "constant",
                              "value" : "left"
                            }
                          },
                          "reference" : "ea833a1e-7d43-4062-aa9f-42395c46d771",
                          "hasValidationError" : false,
                          "id" : "pbText"
                        }
                      ]
                    ]
                  }
                ],
                [
                  {
                    "type" : "container",
                    "dimension" : {
                      "xs" : 12,
                      "sm" : 4,
                      "md" : 4,
                      "lg" : 4
                    },
                    "propertyValues" : {
                      "cssClasses" : {
                        "type" : "constant",
                        "value" : ""
                      },
                      "hidden" : {
                        "type" : "constant",
                        "value" : false
                      },
                      "repeatedCollection" : {
                        "type" : "variable",
                        "value" : ""
                      }
                    },
                    "reference" : "1c25e93b-8bd5-4788-bc5f-5809c1ae0a5b",
                    "hasValidationError" : false,
                    "id" : "pbContainer",
                    "rows" : [
                      [
                        {
                          "type" : "component",
                          "dimension" : {
                            "xs" : 12,
                            "sm" : 12,
                            "md" : 12,
                            "lg" : 12
                          },
                          "propertyValues" : {
                            "cssClasses" : {
                              "type" : "constant",
                              "value" : "item-label"
                            },
                            "hidden" : {
                              "type" : "constant",
                              "value" : false
                            },
                            "labelHidden" : {
                              "type" : "constant",
                              "value" : true
                            },
                            "label" : {
                              "type" : "interpolation",
                              "value" : "Default label"
                            },
                            "labelPosition" : {
                              "type" : "constant",
                              "value" : "top"
                            },
                            "labelWidth" : {
                              "type" : "constant",
                              "value" : 4
                            },
                            "allowHTML" : {
                              "type" : "constant",
                              "value" : true
                            },
                            "text" : {
                              "type" : "interpolation",
                              "value" : "{{caseDetailsCtrl.getOpenOrArchivedCase().searchIndex4Label}}"
                            },
                            "alignment" : {
                              "type" : "constant",
                              "value" : "left"
                            }
                          },
                          "reference" : "f358958b-ee08-41a6-a083-744e45e0e8eb",
                          "hasValidationError" : false,
                          "id" : "pbText"
                        }
                      ],
                      [
                        {
                          "type" : "component",
                          "dimension" : {
                            "xs" : 12,
                            "sm" : 12,
                            "md" : 12,
                            "lg" : 12
                          },
                          "propertyValues" : {
                            "cssClasses" : {
                              "type" : "constant",
                              "value" : "item-value"
                            },
                            "hidden" : {
                              "type" : "constant",
                              "value" : false
                            },
                            "labelHidden" : {
                              "type" : "constant",
                              "value" : true
                            },
                            "label" : {
                              "type" : "interpolation",
                              "value" : "Default label"
                            },
                            "labelPosition" : {
                              "type" : "constant",
                              "value" : "top"
                            },
                            "labelWidth" : {
                              "type" : "constant",
                              "value" : 4
                            },
                            "allowHTML" : {
                              "type" : "constant",
                              "value" : true
                            },
                            "text" : {
                              "type" : "interpolation",
                              "value" : "{{caseDetailsCtrl.getOpenOrArchivedCase().searchIndex4Value}}"
                            },
                            "alignment" : {
                              "type" : "constant",
                              "value" : "left"
                            }
                          },
                          "reference" : "2faa44f6-0c95-46e0-8ad1-486c36386c0c",
                          "hasValidationError" : false,
                          "id" : "pbText"
                        }
                      ]
                    ]
                  },
                  {
                    "type" : "container",
                    "dimension" : {
                      "xs" : 12,
                      "sm" : 4,
                      "md" : 4,
                      "lg" : 4
                    },
                    "propertyValues" : {
                      "cssClasses" : {
                        "type" : "constant",
                        "value" : ""
                      },
                      "hidden" : {
                        "type" : "constant",
                        "value" : false
                      },
                      "repeatedCollection" : {
                        "type" : "variable",
                        "value" : ""
                      }
                    },
                    "reference" : "0fe83e70-41b8-41d1-9ab6-9905b746e5fb",
                    "hasValidationError" : false,
                    "id" : "pbContainer",
                    "rows" : [
                      [
                        {
                          "type" : "component",
                          "dimension" : {
                            "xs" : 12,
                            "sm" : 12,
                            "md" : 12,
                            "lg" : 12
                          },
                          "propertyValues" : {
                            "cssClasses" : {
                              "type" : "constant",
                              "value" : "item-label"
                            },
                            "hidden" : {
                              "type" : "constant",
                              "value" : false
                            },
                            "labelHidden" : {
                              "type" : "constant",
                              "value" : true
                            },
                            "label" : {
                              "type" : "interpolation",
                              "value" : "Default label"
                            },
                            "labelPosition" : {
                              "type" : "constant",
                              "value" : "top"
                            },
                            "labelWidth" : {
                              "type" : "constant",
                              "value" : 4
                            },
                            "allowHTML" : {
                              "type" : "constant",
                              "value" : true
                            },
                            "text" : {
                              "type" : "interpolation",
                              "value" : "{{caseDetailsCtrl.getOpenOrArchivedCase().searchIndex5Label}}"
                            },
                            "alignment" : {
                              "type" : "constant",
                              "value" : "left"
                            }
                          },
                          "reference" : "79039e08-9c2e-4971-9b3f-fabb8cdbc745",
                          "hasValidationError" : false,
                          "id" : "pbText"
                        }
                      ],
                      [
                        {
                          "type" : "component",
                          "dimension" : {
                            "xs" : 12,
                            "sm" : 12,
                            "md" : 12,
                            "lg" : 12
                          },
                          "propertyValues" : {
                            "cssClasses" : {
                              "type" : "constant",
                              "value" : "item-value"
                            },
                            "hidden" : {
                              "type" : "constant",
                              "value" : false
                            },
                            "labelHidden" : {
                              "type" : "constant",
                              "value" : true
                            },
                            "label" : {
                              "type" : "interpolation",
                              "value" : "Default label"
                            },
                            "labelPosition" : {
                              "type" : "constant",
                              "value" : "top"
                            },
                            "labelWidth" : {
                              "type" : "constant",
                              "value" : 4
                            },
                            "allowHTML" : {
                              "type" : "constant",
                              "value" : true
                            },
                            "text" : {
                              "type" : "interpolation",
                              "value" : "{{caseDetailsCtrl.getOpenOrArchivedCase().searchIndex5Value}}"
                            },
                            "alignment" : {
                              "type" : "constant",
                              "value" : "left"
                            }
                          },
                          "reference" : "8c95456a-8af5-4fe9-8241-db6fd9b70a8f",
                          "hasValidationError" : false,
                          "id" : "pbText"
                        }
                      ]
                    ]
                  }
                ]
              ]
            }
          ],
          [
            {
              "type" : "container",
              "dimension" : {
                "xs" : 12,
                "sm" : 12,
                "md" : 12,
                "lg" : 12
              },
              "propertyValues" : {
                "cssClasses" : {
                  "type" : "constant",
                  "value" : "mt-20"
                },
                "hidden" : {
                  "type" : "constant",
                  "value" : false
                },
                "repeatedCollection" : {
                  "type" : "variable",
                  "value" : ""
                }
              },
              "reference" : "35f7041b-00f6-4a30-b19b-62b092e3f0d4",
              "hasValidationError" : false,
              "id" : "pbContainer",
              "rows" : [
                [
                  {
                    "type" : "component",
                    "dimension" : {
                      "xs" : 12,
                      "sm" : 12,
                      "md" : 12,
                      "lg" : 12
                    },
                    "propertyValues" : {
                      "cssClasses" : {
                        "type" : "constant",
                        "value" : "text-primary"
                      },
                      "hidden" : {
                        "type" : "constant",
                        "value" : false
                      },
                      "text" : {
                        "type" : "interpolation",
                        "value" : "Comments"
                      },
                      "level" : {
                        "type" : "constant",
                        "value" : "Level 4"
                      },
                      "alignment" : {
                        "type" : "constant",
                        "value" : "left"
                      }
                    },
                    "reference" : "c51943bb-ca57-452f-ac57-8638bba632da",
                    "hasValidationError" : false,
                    "id" : "pbTitle"
                  }
                ],
                [
                  {
                    "type" : "formContainer",
                    "dimension" : {
                      "xs" : 12,
                      "sm" : 12,
                      "md" : 12,
                      "lg" : 12
                    },
                    "propertyValues" : {
                      "cssClasses" : {
                        "type" : "constant",
                        "value" : ""
                      },
                      "hidden" : {
                        "type" : "expression",
                        "value" : ""
                      }
                    },
                    "reference" : "db609633-bf59-4d38-bfbc-7aeb04f1ea97",
                    "hasValidationError" : false,
                    "id" : "pbFormContainer",
                    "container" : {
                      "type" : "container",
                      "dimension" : {
                        "xs" : 12
                      },
                      "propertyValues" : { },
                      "reference" : "667e8997-e875-4d6d-8ff5-96248aaf4765",
                      "hasValidationError" : false,
                      "id" : "pbContainer",
                      "rows" : [
                        [
                          {
                            "type" : "component",
                            "dimension" : {
                              "xs" : 12,
                              "sm" : 12,
                              "md" : 12,
                              "lg" : 12
                            },
                            "propertyValues" : {
                              "cssClasses" : {
                                "type" : "constant",
                                "value" : ""
                              },
                              "hidden" : {
                                "type" : "constant",
                                "value" : false
                              },
                              "required" : {
                                "type" : "constant",
                                "value" : false
                              },
                              "minLength" : {
                                "type" : "constant",
                                "value" : ""
                              },
                              "maxLength" : {
                                "type" : "constant",
                                "value" : 512
                              },
                              "readOnly" : {
                                "type" : "expression",
                                "value" : "caseDetailsCtrl.isArchived()"
                              },
                              "labelHidden" : {
                                "type" : "constant",
                                "value" : true
                              },
                              "label" : {
                                "type" : "interpolation",
                                "value" : "Default label"
                              },
                              "labelPosition" : {
                                "type" : "constant",
                                "value" : "top"
                              },
                              "labelWidth" : {
                                "type" : "constant",
                                "value" : 4
                              },
                              "placeholder" : {
                                "type" : "interpolation",
                                "value" : "{{caseDetailsCtrl.isArchived()?\"Comments cannot be added to archived cases\":\"Type new comment\"}}"
                              },
                              "value" : {
                                "type" : "variable",
                                "value" : "commentData.comment"
                              },
                              "type" : {
                                "type" : "constant",
                                "value" : "text"
                              },
                              "min" : {
                                "type" : "constant"
                              },
                              "max" : {
                                "type" : "constant"
                              },
                              "step" : {
                                "type" : "constant",
                                "value" : 1
                              }
                            },
                            "reference" : "3f3370d5-ec33-467f-a5cd-fe0d1e8fcd1d",
                            "hasValidationError" : false,
                            "id" : "pbInput"
                          }
                        ],
                        [
                          {
                            "type" : "component",
                            "dimension" : {
                              "xs" : 12,
                              "sm" : 12,
                              "md" : 12,
                              "lg" : 12
                            },
                            "propertyValues" : {
                              "cssClasses" : {
                                "type" : "constant",
                                "value" : ""
                              },
                              "hidden" : {
                                "type" : "constant",
                                "value" : false
                              },
                              "disabled" : {
                                "type" : "expression",
                                "value" : "!commentData.comment || caseDetailsCtrl.isArchived()"
                              },
                              "label" : {
                                "type" : "interpolation",
                                "value" : "<i class=\"glyphicon glyphicon-plus\"></i> {{\"Add comment\" | uiTranslate}}"
                              },
                              "alignment" : {
                                "type" : "constant",
                                "value" : "right"
                              },
                              "buttonStyle" : {
                                "type" : "constant",
                                "value" : "primary"
                              },
                              "action" : {
                                "type" : "constant",
                                "value" : "POST"
                              },
                              "assign" : {
                                "type" : "constant",
                                "value" : false
                              },
                              "url" : {
                                "type" : "interpolation",
                                "value" : "../API/bpm/comment/"
                              },
                              "responseStatusCode" : {
                                "type" : "variable",
                                "value" : "commentData.statusCode"
                              },
                              "dataToSend" : {
                                "type" : "expression",
                                "value" : "commentPayload"
                              },
                              "dataFromSuccess" : {
                                "type" : "variable",
                                "value" : ""
                              },
                              "closeOnSuccess" : {
                                "type" : "constant",
                                "value" : false
                              },
                              "dataFromError" : {
                                "type" : "variable",
                                "value" : ""
                              },
                              "targetUrlOnSuccess" : {
                                "type" : "interpolation",
                                "value" : ""
                              },
                              "collectionToModify" : {
                                "type" : "variable",
                                "value" : ""
                              },
                              "modalId" : {
                                "type" : "constant",
                                "value" : ""
                              },
                              "collectionPosition" : {
                                "type" : "constant",
                                "value" : "Last"
                              },
                              "valueToAdd" : {
                                "type" : "constant"
                              },
                              "removeItem" : {
                                "type" : "variable"
                              }
                            },
                            "reference" : "d537b91b-3566-4523-9ddb-8c0bc9a75ad3",
                            "hasValidationError" : false,
                            "id" : "pbButton"
                          }
                        ],
                        [
                          {
                            "type" : "container",
                            "dimension" : {
                              "xs" : 12,
                              "sm" : 12,
                              "md" : 12,
                              "lg" : 12
                            },
                            "propertyValues" : {
                              "cssClasses" : {
                                "type" : "constant",
                                "value" : ""
                              },
                              "hidden" : {
                                "type" : "constant",
                                "value" : false
                              },
                              "repeatedCollection" : {
                                "type" : "variable",
                                "value" : "comments"
                              }
                            },
                            "reference" : "ecac4fcb-b717-4587-b0a4-937c2746fcd0",
                            "hasValidationError" : false,
                            "id" : "pbContainer",
                            "rows" : [
                              [
                                {
                                  "type" : "container",
                                  "dimension" : {
                                    "xs" : 12,
                                    "sm" : 12,
                                    "md" : 12,
                                    "lg" : 12
                                  },
                                  "propertyValues" : {
                                    "cssClasses" : {
                                      "type" : "constant",
                                      "value" : "comments"
                                    },
                                    "hidden" : {
                                      "type" : "expression",
                                      "value" : "$item.userId.userName == \"System\""
                                    },
                                    "repeatedCollection" : {
                                      "type" : "variable",
                                      "value" : ""
                                    }
                                  },
                                  "reference" : "85d4f3a7-9ca5-46da-811a-3884c08d939c",
                                  "hasValidationError" : false,
                                  "id" : "pbContainer",
                                  "rows" : [
                                    [
                                      {
                                        "type" : "component",
                                        "dimension" : {
                                          "xs" : 12,
                                          "sm" : 12,
                                          "md" : 12,
                                          "lg" : 12
                                        },
                                        "propertyValues" : {
                                          "cssClasses" : {
                                            "type" : "constant",
                                            "value" : "item-value"
                                          },
                                          "hidden" : {
                                            "type" : "constant",
                                            "value" : false
                                          },
                                          "labelHidden" : {
                                            "type" : "constant",
                                            "value" : true
                                          },
                                          "label" : {
                                            "type" : "interpolation",
                                            "value" : "Default label"
                                          },
                                          "labelPosition" : {
                                            "type" : "constant",
                                            "value" : "top"
                                          },
                                          "labelWidth" : {
                                            "type" : "constant",
                                            "value" : 4
                                          },
                                          "allowHTML" : {
                                            "type" : "constant",
                                            "value" : true
                                          },
                                          "text" : {
                                            "type" : "interpolation",
                                            "value" : "<strong class=\"text-primary\"> {{caseDetailsCtrl.getUserDisplayName($item.userId)}} \n</strong>\n{{$item.postDate.replace(\" \", \"T\")|uiDate:'short'}}"
                                          },
                                          "alignment" : {
                                            "type" : "constant",
                                            "value" : "left"
                                          }
                                        },
                                        "reference" : "e0131b79-a80f-488a-bae1-0c78495a5fe5",
                                        "hasValidationError" : false,
                                        "id" : "pbText"
                                      }
                                    ],
                                    [
                                      {
                                        "type" : "component",
                                        "dimension" : {
                                          "xs" : 12,
                                          "sm" : 12,
                                          "md" : 12,
                                          "lg" : 12
                                        },
                                        "propertyValues" : {
                                          "cssClasses" : {
                                            "type" : "constant",
                                            "value" : "item-value"
                                          },
                                          "hidden" : {
                                            "type" : "constant",
                                            "value" : false
                                          },
                                          "labelHidden" : {
                                            "type" : "constant",
                                            "value" : true
                                          },
                                          "label" : {
                                            "type" : "interpolation",
                                            "value" : "Default label"
                                          },
                                          "labelPosition" : {
                                            "type" : "constant",
                                            "value" : "top"
                                          },
                                          "labelWidth" : {
                                            "type" : "constant",
                                            "value" : 4
                                          },
                                          "allowHTML" : {
                                            "type" : "constant",
                                            "value" : true
                                          },
                                          "text" : {
                                            "type" : "interpolation",
                                            "value" : "{{$item.content}}"
                                          },
                                          "alignment" : {
                                            "type" : "constant",
                                            "value" : "left"
                                          }
                                        },
                                        "reference" : "a607f910-ec5e-4f5b-adb5-20d8ff983acf",
                                        "hasValidationError" : false,
                                        "id" : "pbText"
                                      }
                                    ]
                                  ]
                                }
                              ]
                            ]
                          }
                        ],
                        [
                          {
                            "type" : "component",
                            "dimension" : {
                              "xs" : 12,
                              "sm" : 12,
                              "md" : 12,
                              "lg" : 12
                            },
                            "propertyValues" : {
                              "cssClasses" : {
                                "type" : "constant",
                                "value" : ""
                              },
                              "hidden" : {
                                "type" : "expression",
                                "value" : ""
                              },
                              "text" : {
                                "type" : "interpolation",
                                "value" : "No (more) comments to display"
                              },
                              "level" : {
                                "type" : "constant",
                                "value" : "Level 5"
                              },
                              "alignment" : {
                                "type" : "constant",
                                "value" : "center"
                              }
                            },
                            "reference" : "6dc9f402-a33b-4dfa-832c-2183b5f53d35",
                            "hasValidationError" : false,
                            "id" : "pbTitle"
                          }
                        ]
                      ]
                    }
                  }
                ]
              ]
            }
          ]
        ]
      },
      {
        "type" : "container",
        "dimension" : {
          "xs" : 12,
          "sm" : 1,
          "md" : 1,
          "lg" : 2
        },
        "propertyValues" : {
          "cssClasses" : {
            "type" : "constant",
            "value" : ""
          },
          "hidden" : {
            "type" : "constant",
            "value" : false
          },
          "repeatedCollection" : {
            "type" : "variable",
            "value" : ""
          }
        },
        "reference" : "458a65d7-821e-464b-9ea3-4c6822729496",
        "hasValidationError" : false,
        "id" : "pbContainer",
        "rows" : [
          [ ]
        ]
      }
    ],
    [
      {
        "type" : "component",
        "dimension" : {
          "xs" : 12,
          "sm" : 12,
          "md" : 12,
          "lg" : 12
        },
        "propertyValues" : {
          "cssClasses" : {
            "type" : "constant",
            "value" : ""
          },
          "hidden" : {
            "type" : "expression",
            "value" : "caseDetailsCtrl.isCaseFound() || !caseIdQueryParameter"
          },
          "labelHidden" : {
            "type" : "constant",
            "value" : true
          },
          "label" : {
            "type" : "interpolation",
            "value" : "Default label"
          },
          "labelPosition" : {
            "type" : "constant",
            "value" : "top"
          },
          "labelWidth" : {
            "type" : "constant",
            "value" : 4
          },
          "allowHTML" : {
            "type" : "constant",
            "value" : true
          },
          "text" : {
            "type" : "interpolation",
            "value" : "<div class=\"alert alert-info\" translate><i class=\"glyphicon glyphicon-info-sign\" aria-hidden=\"true\"></i> {{\"No case found with id:\" | translate }} <b>{{caseIdQueryParameter}}</b></div>"
          },
          "alignment" : {
            "type" : "constant",
            "value" : "left"
          }
        },
        "reference" : "ce05f176-9b56-4c9d-805f-9784877cacb7",
        "hasValidationError" : false,
        "id" : "pbText"
      }
    ],
    [
      {
        "type" : "component",
        "dimension" : {
          "xs" : 12,
          "sm" : 12,
          "md" : 12,
          "lg" : 12
        },
        "propertyValues" : {
          "cssClasses" : {
            "type" : "constant",
            "value" : ""
          },
          "hidden" : {
            "type" : "expression",
            "value" : "caseDetailsCtrl.isCaseFound() || caseIdQueryParameter"
          },
          "labelHidden" : {
            "type" : "constant",
            "value" : true
          },
          "label" : {
            "type" : "interpolation",
            "value" : "Default label"
          },
          "labelPosition" : {
            "type" : "constant",
            "value" : "top"
          },
          "labelWidth" : {
            "type" : "constant",
            "value" : 4
          },
          "allowHTML" : {
            "type" : "constant",
            "value" : true
          },
          "text" : {
            "type" : "interpolation",
            "value" : "<div class=\"alert alert-info\" translate><i class=\"glyphicon glyphicon-info-sign\" aria-hidden=\"true\"></i> {{\"Case id not provided. Unable to retrieve the case.\" | translate }}</div>"
          },
          "alignment" : {
            "type" : "constant",
            "value" : "left"
          }
        },
        "reference" : "a1f369aa-dc88-491e-9300-a0cc774d60b8",
        "hasValidationError" : false,
        "id" : "pbText"
      }
    ]
  ],
  "assets" : [
    {
      "id" : "f132944c-2819-48b4-9d6e-e2776e7386bd",
      "name" : "style.css",
      "type" : "css",
      "order" : 0,
      "external" : false
    },
    {
      "id" : "5d7a3ed8-64cb-4274-9c0a-ac8bf0d5bc54",
      "name" : "localization.json",
      "type" : "json",
      "order" : 0,
      "external" : false
    }
  ],
  "inactiveAssets" : [ ],
  "variables" : {
    "caseDetailsCtrl" : {
      "type" : "expression",
      "value" : [
        "var isArchived = !$data.openCase && $data.archivedCase && $data.archivedCase.length > 0;",
        "",
        "return {",
        "    getUserDetailsQueryParameters: function(isArchived){",
        "        if ($data.caseIdQueryParameter === \"\") {",
        "            return undefined;",
        "        }",
        "        if (isArchived) {",
        "            return \"?p=0&c=1&d=started_by&d=startedBySubstitute&d=processDefinitionId&f=sourceObjectId=\" + $data.caseIdQueryParameter;",
        "        }",
        "        return $data.caseIdQueryParameter + \"?d=processDefinitionId&d=started_by\";",
        "    },",
        "    getCommentUrl: function(){",
        "        return isArchived ? \"../API/bpm/archivedComment\" : \"../API/bpm/comment\" ; ",
        "    },",
        "    getCommentQueryParameters: function(){",
        "      return \"p=0&c=999&o=postDate%20DESC&f=processInstanceId=\" + $data.caseIdQueryParameter + \"&d=userId&t=\" + $data.commentData.timestamp;",
        "    },",
        "    getUserDisplayName: function(user){",
        "        if (!user){",
        "            return \"\";",
        "        }",
        "        ",
        "        function isSystem(user) {",
        "            return user <= 0;",
        "        }",
        "        ",
        "        function getDisplayName(user) {",
        "            if (isSystem(user)) {",
        "                return uiTranslate(\"System\");",
        "            }",
        "            return user.firstname && user.lastname ? user.firstname + \" \" + user.lastname : user.userName;",
        "        }",
        "        ",
        "        return getDisplayName(user);",
        "    },",
        "    getOpenOrArchivedCase: function() {",
        "        return isArchived ? $data.archivedCase[0] : $data.openCase;",
        "    },",
        "    isArchived: function() {",
        "        return isArchived;",
        "    },",
        "    isCaseFound: function() {",
        "        return (!!$data.archivedCase && !!$data.archivedCase[0]) || !!$data.openCase;",
        "    }",
        "};"
      ],
      "exposed" : false
    },
    "caseIdQueryParameter" : {
      "type" : "urlparameter",
      "value" : [
        "id"
      ],
      "exposed" : false
    },
    "comments" : {
      "type" : "url",
      "value" : [
        "{{caseDetailsCtrl.getCommentUrl()}}?{{caseDetailsCtrl.getCommentQueryParameters()}}"
      ],
      "exposed" : false
    },
    "commentData" : {
      "type" : "expression",
      "value" : [
        "return {",
        "    timestamp: 0,",
        "    comment: \"\",",
        "    statusCode: \"\"",
        "};"
      ],
      "exposed" : false
    },
    "commentResponseHandler" : {
      "type" : "expression",
      "value" : [
        "// After comment is added",
        "if($data.commentData.statusCode === 200){",
        "    $data.commentData.timestamp = new Date().getTime();",
        "    $data.commentData.statusCode = \"\";",
        "    $data.commentData.comment = \"\";",
        "}"
      ],
      "exposed" : false
    },
    "commentPayload" : {
      "type" : "expression",
      "value" : [
        "return {",
        "    processInstanceId:  $data.caseIdQueryParameter, ",
        "    content:  $data.commentData.comment  ",
        "};"
      ],
      "exposed" : false
    },
    "openCase" : {
      "type" : "url",
      "value" : [
        "../API/bpm/case/{{caseDetailsCtrl.getUserDetailsQueryParameters()}}"
      ],
      "exposed" : false
    },
    "archivedCase" : {
      "type" : "url",
      "value" : [
        "../API/bpm/archivedCase/{{caseDetailsCtrl.getUserDetailsQueryParameters(true)}}"
      ],
      "exposed" : false
    },
    "caseDetailsData" : {
      "type" : "expression",
      "value" : [
        "return {",
        "    taskListUrlParameters : {",
        "        \"case\": $data.caseIdQueryParameter",
        "    },",
        "    availableTasksUrl: \"../API/bpm/humanTask?p=0&c=2147483647&f=state=ready&f=user_id=\" + $data.session.user_id + \"&f=caseId=\" + $data.caseIdQueryParameter",
        "};"
      ],
      "exposed" : false
    },
    "availableTasks" : {
      "type" : "url",
      "value" : [
        "{{!caseDetailsCtrl.isArchived() ? caseDetailsData.availableTasksUrl : undefined}}"
      ],
      "exposed" : false
    },
    "session" : {
      "type" : "url",
      "value" : [
        "../API/system/session/unusedId"
      ],
      "exposed" : false
    }
  },
  "hasValidationError" : false,
  "uuid" : "4cbe5636-5ca9-41a3-977d-ce91b92c6892",
  "type" : "page",
  "description" : "This page provides the detail information of a case. It is dedicated to User-like profiles. You can export it and edit it in the UI Designer. This page can only be used as an orphan page as it needs an 'id' parameter to display some content."
}