{
  "modelVersion" : "2.0",
  "id" : "customHelpButton",
  "name" : "helpButton",
  "lastUpdate" : 1631335572535,
  "template" : "@customHelpButton.tpl.html",
  "icon" : "<svg xmlns='http://www.w3.org/2000/svg' viewBox='0 0 50 20'><g><path fill='#CBD5E1' d='M46.8,3h-1.9l-3.8,11.9H43L46.8,3z M42.8,3h-1.9l-3.8,11.9H39L42.8,3z M36.9,13.1H35v1.9h1.9V13.1z M36.9,7 H35v1.9h1.9V7z M25.8,10.6c0-1.4,0.4-2.8,2.1-2.8c1.6,0,2.1,1.3,2.1,2.6c0,1-0.4,2.6-2,2.6C26.4,13.1,25.8,11.9,25.8,10.6z M25.8,6 H24v11.8h1.9v-4.3h0c0.3,0.5,0.9,1.3,2.7,1.3c2.4,0,3.3-2.3,3.3-4.7c0-2.9-1.4-4.3-3.2-4.3c-1.7,0-2.4,0.8-2.8,1.4h0V6z M20.9,3.6 H19v2.3h-1.2v1.9H19V13c0,1.1,0.3,1.8,1.9,1.8h0.3c0.4,0,0.7,0,1.1,0v-1.7c-0.2,0-0.3,0-0.5,0c-0.9,0-0.9-0.2-0.9-0.7V7.8h1.4V5.9 h-1.4V3.6z M15.9,3.6H14v2.3h-1.2v1.9H14V13c0,1.1,0.3,1.8,1.9,1.8h0.3c0.4,0,0.7,0,1.1,0v-1.7c-0.2,0-0.3,0-0.5,0 c-0.9,0-0.9-0.2-0.9-0.7V7.8h1.4V5.9h-1.4V3.6z M11.9,8.8c0-1.9-1.1-2.9-2.8-2.9c-1.6,0-2.8,0.6-3.2,1.3h0V3H4v11.9h1.9v-5 c0-1.3,1-2,2.3-2C10,7.8,10,8.9,10,9.6v5.3h1.9V8.8z'/></g></svg>",
  "controller" : "@customHelpButton.ctrl.js",
  "description" : "Navigation link to user manual",
  "custom" : true,
  "order" : 14,
  "properties" : [
    {
      "label" : "User Manual Link",
      "name" : "targetLink",
      "type" : "text",
      "defaultValue" : "http://",
      "bond" : "expression"
    }
  ],
  "assets" : [
    {
      "id" : "faadd253-806b-4987-99f8-a758986df66b",
      "name" : "helpButton.css",
      "type" : "css",
      "order" : 1,
      "external" : false
    }
  ],
  "requiredModules" : [ ],
  "type" : "widget",
  "hasHelp" : false
}