{
  "modelVersion" : "2.2",
  "id" : "infoEstudianteBasic",
  "name" : "infoEstudianteBasic",
  "lastUpdate" : 1659290106022,
  "rows" : [
    [
      {
        "type" : "container",
        "dimension" : {
          "xs" : 12,
          "sm" : 12,
          "md" : 12,
          "lg" : 12
        },
        "propertyValues" : {
          "cssClasses" : {
            "type" : "constant",
            "value" : ""
          },
          "hidden" : {
            "type" : "constant",
            "value" : false
          },
          "repeatedCollection" : {
            "type" : "variable",
            "value" : ""
          }
        },
        "reference" : "e59d09cf-f3ca-4a61-931d-8a0bb985c8d7",
        "hasValidationError" : false,
        "id" : "pbContainer",
        "rows" : [
          [
            {
              "type" : "component",
              "dimension" : {
                "xs" : 12,
                "sm" : 12,
                "md" : 12,
                "lg" : 12
              },
              "propertyValues" : {
                "cssClasses" : {
                  "type" : "constant",
                  "value" : ""
                },
                "hidden" : {
                  "type" : "constant",
                  "value" : false
                },
                "labelHidden" : {
                  "type" : "constant",
                  "value" : true
                },
                "label" : {
                  "type" : "interpolation",
                  "value" : "Default label"
                },
                "labelPosition" : {
                  "type" : "constant",
                  "value" : "top"
                },
                "labelWidth" : {
                  "type" : "constant",
                  "value" : 4
                },
                "allowHTML" : {
                  "type" : "constant",
                  "value" : true
                },
                "text" : {
                  "type" : "interpolation",
                  "value" : "<br><i class=\"glyphicon glyphicon-info-sign\" title=\"Información básica del estudiante obtenida de la plataforma Bonita\"></i> <b>Información básica del estudiante</b><br>\n<b>Nombres completos:</b>\n{{datosProfesionalesEstudiante.firstname + \" \" + datosProfesionalesEstudiante.lastname}}&nbsp;&nbsp;&nbsp;&nbsp;\n<b>Número de cédula:</b>\n{{cedulaEstudiante[0].value}}<br>\n<b>Correo electrónico institucional:</b>\n{{datosProfesionalesEstudiante.professional_data.email}}"
                },
                "alignment" : {
                  "type" : "constant",
                  "value" : "left"
                }
              },
              "reference" : "49fc29d3-07e7-4f3d-9300-f5fce680886e",
              "hasValidationError" : false,
              "id" : "pbText"
            }
          ],
          [
            {
              "type" : "component",
              "dimension" : {
                "xs" : 12,
                "sm" : 12,
                "md" : 12,
                "lg" : 12
              },
              "propertyValues" : {
                "cssClasses" : {
                  "type" : "constant",
                  "value" : ""
                },
                "hidden" : {
                  "type" : "constant",
                  "value" : false
                },
                "message" : {
                  "type" : "variable",
                  "value" : "mensajes.infoDatos"
                },
                "style" : {
                  "type" : "constant",
                  "value" : "alert-info"
                },
                "isDismissible" : {
                  "type" : "constant",
                  "value" : false
                },
                "label" : {
                  "type" : "interpolation",
                  "value" : "Información:"
                }
              },
              "reference" : "a9a76bd3-6bbb-4293-b5c4-438a8160a7c6",
              "hasValidationError" : false,
              "id" : "customAlert"
            }
          ]
        ]
      }
    ]
  ],
  "assets" : [ ],
  "inactiveAssets" : [ ],
  "variables" : {
    "mensajes" : {
      "type" : "expression",
      "value" : [
        "return {",
        "    infoDatos: \"Verifique si su información personal es correcta, caso contrario comuníquese con el administrador de Bonita Portal para que realice la actualización de sus datos.\"",
        "}"
      ],
      "exposed" : false
    },
    "datosProfesionalesEstudiante" : {
      "type" : "constant",
      "value" : [
        ""
      ],
      "exposed" : true
    },
    "cedulaEstudiante" : {
      "type" : "constant",
      "value" : [
        ""
      ],
      "exposed" : true
    }
  },
  "hasValidationError" : false,
  "type" : "fragment"
}