{
  "fr-FR": {
    "Resources": "Ressources",
    "All resources": "Toutes les ressources",
    "Sort by": "Trier par",
    "Resource name": "Nom de la ressource",
    "hide provided resources": "Masquer les ressources Bonita",
    "Type": "Type",
    "Updated by": "Mise à jour par",
    "Updated on": "Mise à jour le",
    "No resources to display": "Aucune  ressource à afficher",
    "Load more resources": "Afficher plus de ressources",
    "Install resource": "Installer une ressource",
    "Add a new resource (page, form, layout, theme, or REST API extension).": "Ajouter une nouvelle ressource (page, formulaire, thème ou extension d'API REST)",
    "This resource will be installed at global scope (not at process or application level).": "Cette ressource sera installée au niveau global (et non au niveau du processus ou de l'application).",
    "This archive (.zip file) must contain a page.properties file at the root level, and a folder named 'resources'.": "Cette archive (fichier .zip) doit contenir un fichier page.properties à la racine et un dossier nommé 'resources'.",
    "Click here to choose your .zip file": "Cliquez ici pour choisir le fichier .zip",
    "A resource already exists with the name defined in the resource's zip content. To update an existing resource, click the Update icon on the appropriate resource.": "Une ressource avec le même nom (défini dans le contenu du zip) existe déjà. Pour mettre à jour une ressource existante, cliquez sur l'icon 'Mettre à jour' de la ressource appropriée.",
    "Invalid file format. For more information, check the log file.": "Format de fichier invalide. Pour plus d'informations, consultez les logs.",
    "An error has occurred. For more information, check the log file.": "Une erreur s'est produite. Pour plus d'informations, consultez les logs.",
    "Access denied. For more information, check the log file.": "Accès refusé. Pour plus d'informations, consultez les logs.",
    "The resource has not been installed.": "La ressource n'a pas été installée.",
    "Resource successfully installed.": "La ressource a été ajoutée avec succès.",
    "Installing resource...": "Installation de la ressource en cours ...",
    "Install": "Installer",
    "Close": "Fermer",
    "Update {{installData.item.displayName}}": "Mettre à jour {{installData.item.displayName}}",
    "The updated resource will be directly available to users who can access it.": "La ressource mise à jour sera immédiatement disponible pour les utilisateurs ayant le droit d'y accéder.",
    "Updating will delete this resource and replace it with the uploaded one.": "La mise à jour supprimera la ressource existante pour la remplacer par la nouvelle ressource.",
    "Make sure both resources have the same token:": "Assurez-vous que les deux ressources ont le même token :",
    "The resource has not been updated.": "La ressource n'a pas été mise à jour.",
    "Resource successfully updated.": "La ressource a été mise à jour avec succès.",
    "Updating resource...": "Mise à jour de la ressource en cours ...",
    "Update": "Mettre à jour",
    "Cancel": "Annuler",
    "Delete {{deleteData.item.displayName}}": "Supprimer {{deleteData.item.displayName}}",
    "This resource cannot be deleted because it is used in the following application(s). You must remove the resource from all applications before you can delete it.": "Cette ressource ne peut pas être supprimée car elle est utilisée par la(les) application(s) suivante(s). Retirez-la de chaque application pour pouvoir la supprimer.",
    "This form cannot be deleted because it is used in the following process(es). You must update the form mapping of the process(es) before you can delete it.": "Ce formulaire ne peut pas être supprimé car il est utilisé dans le(s) processus(s) suivant(s). Mettez à jour le mapping du ou des processus avant de pouvoir le supprimer.",
    "as": "en tant que",
    "as theme": "en tant que thème",
    "as layout": "en tant que layout",
    "This resource is not used in any application. It can be safely deleted. Are you sure you want to delete it?": "Cette ressource n'est utilisée par aucune application. Elle peut être supprimée en toute sécurité. Êtes-vous sûr(e) de vouloir la supprimer ?",
    "Make sure this REST API extension is not used in any page or form before deletion. Are you sure you want to delete it?": "Assurez-vous que cette extension d'API REST n'est utilisée dans aucune page ou formulaire avant de la supprimer. Êtes-vous sûr(e) de vouloir la supprimer ?",
    "Resource not found. Maybe it was already deleted.": "Ressource introuvable. Elle a peut-être déjà été supprimée.",
    "The resource has not been deleted.": "La ressource n'a pas été supprimée.",
    "Delete": "Supprimer",
    "Pages": "Pages",
    "Forms": "Formulaires",
    "Layouts": "Layouts",
    "Themes": "Thèmes",
    "Rest API extensions": "Extensions de l'API REST",
    "Resource name (Asc)": "Nom de la ressource (Asc)",
    "Resource name (Desc)": "Nom de la ressource (Desc)",
    "Updated (Newest first)": "Dernière mise à jour (La plus récente d'abord)",
    "Updated (Oldest first)": "Dernière mise à jour (La plus ancienne d'abord)",
    "System": "Système",
    "Resource token :": "Token de la ressource :",
    "This resource is provided.": "Cette ressource est fournie par Bonita.",
    "Resources shown": "Ressources affichées",
    "Title": "Titre",
    "Default label": "Libellé par défaut",
    "Default name": "Nom par défaut",
    "Select": "Sélection",
    "Select an option": "Sélectionnez une option",
    "green": "vert",
    "red": "rouge",
    "blue": "bleu",
    "yes": "oui",
    "no": "non",
    "Id": "Id",
    "Name": "Nom",
    "Description": "Description",
    "Link": "Lien",
    "Submit": "Soumettre",
    "This field is required": "Ce champ est obligatoire",
    "This field length should be larger": "Ce champ doit contenir plus de caractères",
    "This field length should be smaller": "Ce champ doit contenir moins de caractères",
    "This value is too small": "La valeur de ce champ est trop petite",
    "This value is too large": "La valeur de ce champ est trop grande",
    "This is not a valid email": "L'email saisi n'est pas valide",
    "Toggle the text area to HTML source code / Rich text area": "Basculer l'affichage du texte vers HTML / Rich Text",
    "Heading ": "Titre ",
    "Paragraph": "Paragraphe",
    "Preformatted text": "Texte préformaté",
    "Unordered List": "Liste",
    "Ordered List": "Liste numérotée",
    "Quote/unquote selection or paragraph": "Formater le paragraphe ou la sélection en citation",
    "Undo": "Annuler",
    "Redo": "Rétablir",
    "Bold": "Gras",
    "Italic": "Italique",
    "Underline": "Souligné",
    "Strikethrough": "Barré",
    "Align text left": "Aligner le texte à gauche",
    "Align text right": "Aligner le texte à droite",
    "Justify text": "Justifier le texte",
    "Center": "Centrer",
    "Increase indent": "Augmenter l'indentation",
    "Decrease indent": "Diminuer l'indentation",
    "Clear formatting": "Effacer le formatage",
    "Please enter an image URL to insert": "Saisissez l'URL de l'image à insérer",
    "Insert image": "Insérer une image",
    "Insert video": "Insérer une vidéo",
    "Please enter a youtube URL to embed": "Saisissez une URL YouTube à embarquer",
    "Insert / edit link": "Insérer/éditer un lien",
    "Please enter a URL to insert": "Entrez une URL à insérer",
    "Relink": "Changer le lien",
    "Unlink": "Enlever le lien",
    "Open in New Window": "Ouvrir dans une nouvelle fenêtre",
    "Display words Count": "Afficher le nombre de mots",
    "Display characters Count": "Afficher le nombre de caractères",
    "The requested content cannot be loaded.<br />Please try again later.": "Le contenu demandé ne peut pas être téléchargé.<br/> Veuillez réessayer plus tard.",
    "Date": "Date",
    "MM/dd/yyyy": "dd/MM/yyyy",
    "Today": "Aujourd'hui",
    "Now": "Maintenant",
    "Enter a date (mm/dd/yyyy)": "Saisissez une date (jj/mm/aaaa)",
    "Date and time": "Date et heure",
    "h:mm:ss a": "HH:mm:ss",
    "Enter a time (h:mm:ss a)": "Saisissez une heure (hh:mm:ss)",
    "$locale": {
      "DATETIME_FORMATS": {
        "AMPMS": [
          "AM",
          "PM"
        ],
        "DAY": [
          "dimanche",
          "lundi",
          "mardi",
          "mercredi",
          "jeudi",
          "vendredi",
          "samedi"
        ],
        "FIRSTDAYOFWEEK": 1,
        "MONTH": [
          "janvier",
          "février",
          "mars",
          "avril",
          "mai",
          "juin",
          "juillet",
          "août",
          "septembre",
          "octobre",
          "novembre",
          "décembre"
        ],
        "SHORTDAY": [
          "dim.",
          "lun.",
          "mar.",
          "mer.",
          "jeu.",
          "ven.",
          "sam."
        ],
        "SHORTMONTH": [
          "janv.",
          "févr.",
          "mars",
          "avr.",
          "mai",
          "juin",
          "juil.",
          "août",
          "sept.",
          "oct.",
          "nov.",
          "déc."
        ],
        "fullDate": "EEEE d MMMM y",
        "longDate": "d MMMM y",
        "medium": "d MMM y HH:mm:ss",
        "mediumDate": "d MMM y",
        "mediumTime": "HH:mm:ss",
        "short": "dd/MM/y HH:mm",
        "shortDate": "dd/MM/y",
        "shortTime": "HH:mm"
      }
    }
  },
  "es-ES": {
    "Resources": "Recursos",
    "All resources": "Todos los recursos",
    "Sort by": "Ordenar por",
    "Resource name": "Nombre del recurso",
    "hide provided resources": "ocultar los recursos proporcionados",
    "Type": "Tipo",
    "Updated by": "Actualizado por",
    "Updated on": "Actualizado el",
    "No resources to display": "No hay recursos para mostrar",
    "Load more resources": "Cargar más recursos",
    "Install resource": "Instalar recurso",
    "Add a new resource (page, form, layout, theme, or REST API extension).": "Añadir un nuevo recurso (página, formulario, layout, tema o extensión API REST).",
    "This resource will be installed at global scope (not at process or application level).": "Este recurso se instalará en el ámbito global (no a nivel de proceso o aplicación).",
    "This archive (.zip file) must contain a page.properties file at the root level, and a folder named 'resources'.": "Este archivo (archivo .zip) debe contener un archivo page.properties a nivel raíz, y una carpeta llamada 'resources'.",
    "Click here to choose your .zip file": "Haga clic aquí para seleccionar su archivo .zip",
    "A resource already exists with the name defined in the resource's zip content. To update an existing resource, click the Update icon on the appropriate resource.": "Ya existe un recurso con el nombre definido en el contenido zip del recurso. Para actualizar un recurso existente, haga clic en el icono Actualizar en el recurso apropiado.",
    "Invalid file format. For more information, check the log file.": "Formato de fichero incorrecto. Para más información, compruebe el fichero de log",
    "An error has occurred. For more information, check the log file.": "Ha ocurrido un error. Para más información, compruebe el fichero de log",
    "Access denied. For more information, check the log file.": "Acceso denegado. Para más información, compruebe el fichero de log",
    "The resource has not been installed.": "El proceso no ha sido instalado.",
    "Resource successfully installed.": "Recurso agregado con éxito.",
    "Installing resource...": "Instalar recurso...",
    "Install": "Instalar",
    "Close": "Cerrar",
    "Update {{installData.item.displayName}}": "Actualizar {{installData.item.displayName}}",
    "The updated resource will be directly available to users who can access it.": "El recurso actualizado estará directamente disponible para los usuarios que puedan acceder a él.",
    "Updating will delete this resource and replace it with the uploaded one.": "La actualización eliminará este recurso y lo reemplazará con el subido.",
    "Make sure both resources have the same token:": "Asegúrate de que ambos recursos tienen el mismo token:",
    "The resource has not been updated.": "El recurso no ha sido actualizado.",
    "Resource successfully updated.": "Recurso actualizado correctamente.",
    "Updating resource...": "Actualizando recurso...",
    "Update": "Actualizar",
    "Cancel": "Cancelar",
    "Delete {{deleteData.item.displayName}}": "Eliminar {{deleteData.item.displayName}}",
    "This resource cannot be deleted because it is used in the following application(s). You must remove the resource from all applications before you can delete it.": "Este recurso no se puede eliminar porque se utiliza en la(s) aplicación(es). Debe eliminar el recurso de todas las aplicaciones antes de eliminarlo.",
    "This form cannot be deleted because it is used in the following process(es). You must update the form mapping of the process(es) before you can delete it.": "Este formulario no se puede eliminar porque se utiliza en el siguiente proceso(s). Debe actualizar el mapeo de formularios del proceso(s) antes de poder eliminarlo.",
    "as": "como",
    "as theme": "como tema",
    "as layout": "como layout",
    "This resource is not used in any application. It can be safely deleted. Are you sure you want to delete it?": "Este recurso no se utiliza en ninguna aplicación. Se puede eliminar de forma segura. ¿Está seguro de que desea eliminarlo?",
    "Make sure this REST API extension is not used in any page or form before deletion. Are you sure you want to delete it?": "Asegúrese de que esta extensión de la API REST no se utiliza en ninguna página o formulario antes de eliminarla. ¿Está seguro de que desea eliminarla?",
    "Resource not found. Maybe it was already deleted.": "Recurso no encontrado. Tal vez ya fue eliminado.",
    "The resource has not been deleted.": "El recurso no ha sido eliminado.",
    "Delete": "Borrar",
    "Pages": "Páginas",
    "Forms": "Formularios",
    "Layouts": "Layouts",
    "Themes": "Temas",
    "Rest API extensions": "Extensiones API Rest",
    "Resource name (Asc)": "Nombre del recurso (Asc)",
    "Resource name (Desc)": "Nombre del recurso (Desc)",
    "Updated (Newest first)": "Actualizado (Más reciente primero)",
    "Updated (Oldest first)": "Actualizado (Más antiguo primero)",
    "System": "Sistema",
    "Resource token :": "Token de recurso:",
    "This resource is provided.": "Este recurso es proporcionado.",
    "Resources shown": "Recursos mostrados",
    "Title": "Título",
    "Default label": "Etiqueta por defecto",
    "Default name": "Nombre por defecto",
    "Select": "Seleccionar",
    "Select an option": "Selecciona una opción",
    "green": "verde",
    "red": "rojo",
    "blue": "azul",
    "yes": "sí",
    "no": "no",
    "Id": "Id",
    "Name": "Nombre",
    "Description": "Descripción",
    "Link": "Enlace",
    "Submit": "Enviar",
    "This field is required": "Este campo es requerido",
    "This field length should be larger": "La longitud de este campo debería ser mayor",
    "This field length should be smaller": "La longitud de este campo debería ser menor",
    "This value is too small": "El valor de este campo es demasiado pequeño",
    "This value is too large": "El valor de este campo es demasiado grande",
    "This is not a valid email": "El email introducido no es válido",
    "Toggle the text area to HTML source code / Rich text area": "Cambiar el área de texto a código fuente HTML / área de texto enriquecido",
    "Heading ": " ",
    "Paragraph": "Párrafo",
    "Preformatted text": "Texto preformateado",
    "Unordered List": "Lista sin ordenar",
    "Ordered List": "Lista ordenada",
    "Quote/unquote selection or paragraph": "Citar / no citar selección o párrafo",
    "Undo": "Deshacer",
    "Redo": "Rehacer",
    "Bold": "Negrita",
    "Italic": "Itálico",
    "Underline": "Subrayado",
    "Strikethrough": "Tachado",
    "Align text left": "Alinear texto a la izquierda",
    "Align text right": "Alinear texto a la derecha",
    "Justify text": "Justificar texto",
    "Center": "Centrar",
    "Increase indent": "Aumentar sangría",
    "Decrease indent": "Disminuir sangría",
    "Clear formatting": "Borrar el formato",
    "Please enter an image URL to insert": "Por favor ingrese una URL de imagen para insertar",
    "Insert image": "Insertar imagen",
    "Insert video": "Insertar video",
    "Please enter a youtube URL to embed": "Por favor, introduzca una URL de youtube para incrustar",
    "Insert / edit link": "Insertar / editar enlace",
    "Please enter a URL to insert": "Por favor ingrese una URL para insertar",
    "Relink": "Rehacer el enlace",
    "Unlink": "Deshacer el enlace",
    "Open in New Window": "Abrir en una nueva ventana",
    "Display words Count": "Mostrar el número de palabras",
    "Display characters Count": "Mostrar el número de carácteres",
    "The requested content cannot be loaded.<br />Please try again later.": "El contenido solicitado no puede mostrarse.",
    "Today": "Hoy",
    "Now": "Ahora",
    "Date": "Fecha",
    "MM/dd/yyyy": "dd/MM/yyyy",
    "Enter a date (mm/dd/yyyy)": "Introducir una fecha (dd/mm/aaaa)",
    "Date and time": "Fecha y hora",
    "h:mm:ss a": "H:mm:ss",
    "Enter a time (h:mm:ss a)": "Introducir una hora (h:mm:ss)",
    "$locale": {
      "DATETIME_FORMATS": {
        "AMPMS": [
          "a. m.",
          "p. m."
        ],
        "DAY": [
          "domingo",
          "lunes",
          "martes",
          "miércoles",
          "jueves",
          "viernes",
          "sábado"
        ],
        "FIRSTDAYOFWEEK": 0,
        "MONTH": [
          "enero",
          "febrero",
          "marzo",
          "abril",
          "mayo",
          "junio",
          "julio",
          "agosto",
          "septiembre",
          "octubre",
          "noviembre",
          "diciembre"
        ],
        "SHORTDAY": [
          "dom.",
          "lun.",
          "mar.",
          "mié.",
          "jue.",
          "vie.",
          "sáb."
        ],
        "SHORTMONTH": [
          "ene.",
          "feb.",
          "mar.",
          "abr.",
          "may.",
          "jun.",
          "jul.",
          "ago.",
          "sept.",
          "oct.",
          "nov.",
          "dic."
        ],
        "fullDate": "EEEE, d 'de' MMMM 'de' y",
        "longDate": "d 'de' MMMM 'de' y",
        "medium": "d 'de' MMM 'de' y H:mm:ss",
        "mediumDate": "d 'de' MMM 'de' y",
        "mediumTime": "H:mm:ss",
        "short": "d/M/yy H:mm",
        "shortDate": "d/M/yy",
        "shortTime": "H:mm"
      }
    }
  },
  "ja-JP": {
    "Resources": "リソース",
    "All resources": "すべてのリソース",
    "Sort by": "ソート",
    "Resource name": "リソース名",
    "hide provided resources": "提供されたリソースを非表示",
    "Type": "タイプ",
    "Updated by": "更新者",
    "Updated on": "更新日時",
    "No resources to display": "表示するリソースがありません",
    "Load more resources": "さらにリソースを読み込む",
    "Install resource": "リソースをインストール",
    "Add a new resource (page, form, layout, theme, or REST API extension).": "新しいリソース (ページ、フォーム、レイアウト、テーマ、または REST API 拡張) を追加します。",
    "This resource will be installed at global scope (not at process or application level).": "このリソースはグローバルスコープでインストールされます (プロセスまたはアプリケーション レベルではありません)。",
    "This archive (.zip file) must contain a page.properties file at the root level, and a folder named 'resources'.": "このアーカイブ (.zip ファイル) には、ルート レベルに page.properties ファイル、および 'resources' という名前のフォルダーを含める必要があります。",
    "Click here to choose your .zip file": "ここをクリックして .zip ファイルを選択します",
    "A resource already exists with the name defined in the resource's zip content. To update an existing resource, click the Update icon on the appropriate resource.": "リソースのzipコンテンツに定義された名前のリソースはすでに存在します。 既存のリソースを更新するには、該当するリソースの更新アイコンをクリックします。",
    "Invalid file format. For more information, check the log file.": "ファイル形式が無効です。 詳細については、ログファイルを確認してください。",
    "An error has occurred. For more information, check the log file.": "エラーが発生しました。 詳細についてはログファイルを確認してください。",
    "Access denied. For more information, check the log file.": "アクセスが拒否されました。 詳細についてはログファイルを確認してください。",
    "The resource has not been installed.": "リソースがインストールされていません。",
    "Resource successfully installed.": "リソースが正常にインストールされました。",
    "Installing resource...": "リソースをインストールしています...",
    "Install": "インストール",
    "Close": "閉じる",
    "Update {{installData.item.displayName}}": "{{installData.item.displayName}} を更新",
    "The updated resource will be directly available to users who can access it.": "更新されたリソースは、アクセスできるユーザーが直接利用できます。",
    "Updating will delete this resource and replace it with the uploaded one.": "更新するとこのリソースが削除され、アップロードされたリソースに置き換えられます。",
    "Make sure both resources have the same token:": "両方のリソースに同じトークンがあることを確認してください:",
    "The resource has not been updated.": "リソースは更新されていません。",
    "Resource successfully updated.": "リソースが正常に更新されました。",
    "Updating resource...": "リソースを更新しています...",
    "Update": "Update（更新）",
    "Cancel": "キャンセル",
    "Delete {{deleteData.item.displayName}}": "{{deleteData.item.displayName}} を削除",
    "This resource cannot be deleted because it is used in the following application(s). You must remove the resource from all applications before you can delete it.": "このリソースは、次のアプリケーションで使用されているため削除できません。 リソースを削除する前に、すべてのアプリケーションからリソースを削除する必要があります。",
    "This form cannot be deleted because it is used in the following process(es). You must update the form mapping of the process(es) before you can delete it.": "このフォームは、次のプロセスで使用されているため、削除できません。 削除する前にプロセスのフォームマッピングを更新する必要があります。",
    "as": "として",
    "as theme": "テーマとして",
    "as layout": "レイアウトとして",
    "This resource is not used in any application. It can be safely deleted. Are you sure you want to delete it?": "このリソースはどのアプリケーションでも使用されていません。安全に削除できます。削除してもよろしいですか？",
    "Make sure this REST API extension is not used in any page or form before deletion. Are you sure you want to delete it?": "削除する前に、このRESTAPI拡張機能がどのページまたはフォームでも使用されていないことを確認してください。 削除してもよろしいですか？",
    "Resource not found. Maybe it was already deleted.": "リソースが見つかりませんでした。既に削除されている可能性があります。",
    "The resource has not been deleted.": "リソースは削除されていません。",
    "Delete": "削除",
    "Pages": "ページ",
    "Forms": "フォーム",
    "Layouts": "レイアウト",
    "Themes": "テーマ",
    "Rest API extensions": "REST API 拡張",
    "Resource name (Asc)": "リソース名 (昇順)",
    "Resource name (Desc)": "リソース名 (降順)",
    "Updated (Newest first)": "Updated (Newest first)",
    "Updated (Oldest first)": "Updated (Oldest first)",
    "System": "システム",
    "Resource token :": "リソース トークン :",
    "This resource is provided.": "このリソースは提供されています。",
    "Resources shown": "表示されたリソース",
    "Title": "タイトル",
    "Default label": "デフォルト ラベル",
    "Default name": "デフォルト名",
    "Select": "選択",
    "Select an option": "オプションを選択してください",
    "green": "緑",
    "red": "赤",
    "blue": "青",
    "yes": "はい",
    "no": "いいえ",
    "Id": "ID",
    "Name": "名前",
    "Description": "説明",
    "Link": "リンク",
    "Submit": "送信",
    "This field is required": "このフィールドは必須項目です",
    "This field length should be larger": "このフィールドの長さを大きくする必要があります",
    "This field length should be smaller": "このフィールドの長さを小さくする必要があります",
    "This value is too small": "この値が小さすぎます",
    "This value is too large": "この値は大きすぎます",
    "This is not a valid email": "これは有効なメールアドレスではありません",
    "Toggle the text area to HTML source code / Rich text area": "テキストエリアをHTMLソースコード/リッチテキストエリアに切り替えます",
    "Heading ": " ",
    "Paragraph": "パラグラフ",
    "Preformatted text": "書式付きテキスト",
    "Unordered List": "順序なしリスト",
    "Ordered List": "順序付きリスト",
    "Quote/unquote selection or paragraph": "選択または段落の引用/引用解除",
    "Undo": "元に戻す",
    "Redo": "やり直し",
    "Bold": "太字",
    "Italic": "斜体",
    "Underline": "下線",
    "Strikethrough": "取り消し線",
    "Align text left": "左揃え",
    "Align text right": "右揃え",
    "Justify text": "均等割り付け",
    "Center": "中央揃え",
    "Increase indent": "インデントを上げる",
    "Decrease indent": "インデントを減らす",
    "Clear formatting": "フォーマットをクリア",
    "Please enter an image URL to insert": "挿入する画像 URL を入力してください",
    "Insert image": "画像を挿入",
    "Insert video": "ビデオを挿入",
    "Please enter a youtube URL to embed": "埋め込むYouTubeのURLを入力してください",
    "Insert / edit link": "リンクの挿入 / 編集",
    "Please enter a URL to insert": "挿入する URL を入力してください",
    "Relink": "再リンク",
    "Unlink": "リンク解除",
    "Open in New Window": "新しいウィンドウで開く",
    "Display words Count": "単語数の表示",
    "Display characters Count": "文字数の表示",
    "The requested content cannot be loaded.<br />Please try again later.": "要求されたコンテンツを読み込むことができません。<br />後でもう一度お試しください。",
    "Today": "今日",
    "Now": "現在",
    "Date": "日付",
    "MM/dd/yyyy": "y/MM/dd",
    "Enter a date (mm/dd/yyyy)": "日付（mm/dd/yyyy）を入力します",
    "Date and time": "日付と時刻",
    "h:mm:ss a": "H:mm:ss",
    "Enter a time (h:mm:ss a)": "時刻を入力 (h:mm:ss a)",
    "$locale": {
      "DATETIME_FORMATS": {
        "AMPMS": [
          "午前",
          "午後"
        ],
        "DAY": [
          "日曜日",
          "月曜日",
          "火曜日",
          "水曜日",
          "木曜日",
          "金曜日",
          "土曜日"
        ],
        "FIRSTDAYOFWEEK": 6,
        "MONTH": [
          "1月",
          "2月",
          "3月",
          "4月",
          "5月",
          "6月",
          "7月",
          "8月",
          "9月",
          "10月",
          "11月",
          "12月"
        ],
        "SHORTDAY": [
          "日",
          "月",
          "火",
          "水",
          "木",
          "金",
          "土"
        ],
        "SHORTMONTH": [
          "1月",
          "2月",
          "3月",
          "4月",
          "5月",
          "6月",
          "7月",
          "8月",
          "9月",
          "10月",
          "11月",
          "12月"
        ],
        "fullDate": "y年M月d日EEEE",
        "longDate": "y年M月d日",
        "medium": "y/MM/dd H:mm:ss",
        "mediumDate": "y/MM/dd",
        "mediumTime": "H:mm:ss",
        "short": "y/MM/dd H:mm",
        "shortDate": "y/MM/dd",
        "shortTime": "H:mm"
      }
    }
  },
  "pt-BR": {
    "Resources": "Recursos",
    "All resources": "Todos os recursos",
    "Sort by": "Ordenar por",
    "Resource name": "Nome do recurso",
    "hide provided resources": "ocultar recursos fornecidos",
    "Type": "Tipo",
    "Updated by": "Atualizado por",
    "Updated on": "Atualizado em",
    "No resources to display": "Nenhum recurso para exibir",
    "Load more resources": "Carregar mais recursos",
    "Install resource": "Instalar recurso",
    "Add a new resource (page, form, layout, theme, or REST API extension).": "Adicione um novo recurso (página, formulário, layout, tema ou extensão de API REST).",
    "This resource will be installed at global scope (not at process or application level).": "Este recurso será instalado no escopo global (não no nível de processo ou aplicativo).",
    "This archive (.zip file) must contain a page.properties file at the root level, and a folder named 'resources'.": "Este arquivo (arquivo. zip) deve conter um arquivo page.properties no nível da raiz, e uma pasta chamada 'resources'.",
    "Click here to choose your .zip file": "Clique aqui para escolher seu arquivo. zip",
    "A resource already exists with the name defined in the resource's zip content. To update an existing resource, click the Update icon on the appropriate resource.": "Um recurso já existe com o nome definido no conteúdo zip do recurso. Para atualizar um recurso existente, clique no ícone Atualizar no recurso apropriado.",
    "Invalid file format. For more information, check the log file.": "Formato de arquivo inválido. Para mais informações, verifique o arquivo de log.",
    "An error has occurred. For more information, check the log file.": "Ocorreu um erro. Para mais informações, verifique o arquivo de log.",
    "Access denied. For more information, check the log file.": "Acesso negado. Para mais informações, verifique o arquivo de log.",
    "The resource has not been installed.": "O recurso não foi instalado.",
    "Resource successfully installed.": "Recurso instalado com sucesso.",
    "Installing resource...": "Instalar recurso...",
    "Install": "Instalar",
    "Close": "Fechar",
    "Update {{installData.item.displayName}}": "Atualizar {{installData.item.displayName}}",
    "The updated resource will be directly available to users who can access it.": "O recurso atualizado estará diretamente disponível para os usuários que podem acessá-lo.",
    "Updating will delete this resource and replace it with the uploaded one.": "Atualizar irá excluir este recurso e substituí-lo pelo que foi enviado.",
    "Make sure both resources have the same token:": "Certifique-se de que ambos os recursos tenham o mesmo token:",
    "The resource has not been updated.": "O recurso não foi atualizado.",
    "Resource successfully updated.": "Recurso atualizado com sucesso.",
    "Updating resource...": "Atualizando recurso...",
    "Update": "Atualização",
    "Cancel": "Cancelar",
    "Delete {{deleteData.item.displayName}}": "Excluir {{deleteData.item.displayName}}",
    "This resource cannot be deleted because it is used in the following application(s). You must remove the resource from all applications before you can delete it.": "Este recurso não pode ser excluído porque ele é usado nos seguintes aplicativos. Você deve remover o recurso de todas as aplicações antes de poder excluí-lo.",
    "This form cannot be deleted because it is used in the following process(es). You must update the form mapping of the process(es) before you can delete it.": "Este formulário não pode ser apagado porque é usado nos seguintes processo(s). Você deve atualizar o mapeamento de formulário do(s) processo(s) antes de poder excluí-lo.",
    "as": "como",
    "as theme": "como tema",
    "as layout": "como layout",
    "This resource is not used in any application. It can be safely deleted. Are you sure you want to delete it?": "Este recurso não é usado em nenhuma aplicação. Ele pode ser excluído com segurança. Tem certeza de que deseja excluí-lo?",
    "Make sure this REST API extension is not used in any page or form before deletion. Are you sure you want to delete it?": "Certifique-se de que esta extensão da API REST não é usada em qualquer página ou formulário antes da exclusão. Tem certeza de que deseja excluí-la?",
    "Resource not found. Maybe it was already deleted.": "Recurso não encontrado. Talvez ele já tenha sido excluído.",
    "The resource has not been deleted.": "O recurso não foi excluído.",
    "Delete": "Deletar",
    "Pages": "Páginas",
    "Forms": "Formulários",
    "Layouts": "Layouts",
    "Themes": "Temas",
    "Rest API extensions": "Extensão de API REST",
    "Resource name (Asc)": "Nome do recurso (Asc.)",
    "Resource name (Desc)": "Nome do recurso (Desc)",
    "Updated (Newest first)": "Atualizado (o mais recente primeiro)",
    "Updated (Oldest first)": "Atualizado (mais antigo primeiro)",
    "System": "Sistema",
    "Resource token :": "Token de recurso :",
    "Resources shown": "Recursos mostrados",
    "Title": "Título",
    "This resource is provided.": "Este recurso é fornecido.",
    "Default label": "Etiqueta padrão",
    "Default name": "Nome padrão",
    "Select": "Selecionar",
    "Select an option": "Selecionar uma opção",
    "green": "verde",
    "red": "vermelho",
    "blue": "azul",
    "yes": "sim",
    "no": "não",
    "Id": "ID",
    "Name": "Nome",
    "Description": "Descrição",
    "Link": "Link",
    "Submit": "Submeter",
    "This field is required": "Este campo é requerido",
    "This field length should be larger": "Este comprimento de campo deve ser maior",
    "This field length should be smaller": "Este comprimento do campo deve ser menor",
    "This value is too small": "Este valor é muito pequeno",
    "This value is too large": "Este valor é muito grande",
    "This is not a valid email": "Não é um email válido",
    "Toggle the text area to HTML source code / Rich text area": "Alternar a área de texto para o código-fonte HTML / área de rich text",
    "Heading ": "Título ",
    "Paragraph": "Paragrafo",
    "Preformatted text": "Texto preformatado",
    "Unordered List": "Lista não ordenada",
    "Ordered List": "Lista ordenada",
    "Quote/unquote selection or paragraph": "Marcar / Desmarcar seleção ou parágrafo",
    "Undo": "Desfazer",
    "Redo": "Pronto",
    "Bold": "Negrito",
    "Italic": "Italico",
    "Underline": "Sublinhado",
    "Strikethrough": "Tachado",
    "Align text left": "Alinhar texto a esquerda",
    "Align text right": "Alinhar texto a direita",
    "Justify text": "Texto Justificado",
    "Center": "Centralizado",
    "Increase indent": "Aumentar recuo",
    "Decrease indent": "Diminuir recuo",
    "Clear formatting": "Limpar formatação",
    "Please enter an image URL to insert": "Por favor entre com uma URL para inserir",
    "Insert image": "Inserir imagem",
    "Insert video": "Insereir video",
    "Please enter a youtube URL to embed": "Por favor entre com uma URL para inserir",
    "Insert / edit link": "Inserir / editar link",
    "Please enter a URL to insert": "Por favor entre com uma URL para inserir",
    "Relink": "Relink",
    "Unlink": "Desvincular",
    "Open in New Window": "Abrir em Nova Janela",
    "Display words Count": "Exibir contagem de palavras",
    "Display characters Count": "Exibir contagem de caracteres",
    "The requested content cannot be loaded.<br />Please try again later.": "O conteúdo solicitado não pode ser carregado.<br />Por favor tente mais tarde.",
    "Today": "Hoje",
    "Now": "Agora",
    "Date": "Data",
    "MM/dd/yyyy": "MM/dd/yyyy",
    "Enter a date (mm/dd/yyyy)": "Entre com uma data (mm/dd/yyyy)",
    "Date and time": "Data e hora",
    "h:mm:ss a": "h:mm:ss a",
    "Enter a time (h:mm:ss a)": "Entre com uma hora (h:mm:ss a)",
    "$locale": {
      "DATETIME_FORMATS": {
        "AMPMS": [
          "AM",
          "PM"
        ],
        "DAY": [
          "domingo",
          "segunda-feira",
          "terça-feira",
          "quarta-feira",
          "quinta-feira",
          "sexta-feira",
          "sábado"
        ],
        "FIRSTDAYOFWEEK": 6,
        "MONTH": [
          "janeiro",
          "fevereiro",
          "março",
          "abril",
          "maio",
          "junho",
          "julho",
          "agosto",
          "setembro",
          "outubro",
          "novembro",
          "dezembro"
        ],
        "SHORTDAY": [
          "dom",
          "seg",
          "ter",
          "qua",
          "qui",
          "sex",
          "sáb"
        ],
        "SHORTMONTH": [
          "jan",
          "fev",
          "mar",
          "abr",
          "mai",
          "jun",
          "jul",
          "ago",
          "set",
          "out",
          "nov",
          "dez"
        ],
        "fullDate": "EEEE, d 'de' MMMM 'de' y",
        "longDate": "d 'de' MMMM 'de' y",
        "medium": "d 'de' MMM 'de' y HH:mm:ss",
        "mediumDate": "d 'de' MMM 'de' y",
        "mediumTime": "HH:mm:ss",
        "short": "dd/MM/yy HH:mm",
        "shortDate": "dd/MM/yy",
        "shortTime": "HH:mm"
      }
    }
  }
}