{
  "fr-FR": {
    "Users": "Utilisateurs",
    "Create": "Créer",
    "Sort by": "Trier par",
    "First name, Last name or User name": "Prénom, Nom ou Nom d'utilisateur",
    "active": "Actif",
    "inactive": "Désactivé",
    "First name": "Prénom",
    "Last name": "Nom",
    "Username": "Nom d'utilisateur",
    "No users to display": "Aucun utilisateur à afficher",
    "Load more users": "Afficher plus d'utilisateurs",
    "Warning": "Attention",
    "If this is the only user able to perform a task, this will cause the interruption of a Process.": "Si cet utilisateur(trice) est le(la) seul(e) à pouvoir effectuer une tâche dans un processus donné, sa désactivation interrompra le processus.",
    "Are you sure you want to deactivate this user?": "Êtes-vous sûr(e) de vouloir désactiver cet(te) utilisateur(trice) ?",
    "Are you sure you want to activate this user?": "Êtes-vous sûr(e) de vouloir activer cet(te) utilisateur(trice) ?",
    "An error has occurred. For more information, check the log file.": "Une erreur s'est produite. Pour plus d'informations, consultez les logs.",
    "Access denied. For more information, check the log file.": "Accès refusé. Pour plus d'informations, consultez les logs.",
    "The user has not been updated.": "L'utilisateur(trice) n'a pas été mis(e) à jour.",
    "Cancel": "Annuler",
    "Create a user": "Créer un utilisateur",
    "Password": "Mot de passe",
    "Confirm password": "Confirmer le mot de passe",
    "The passwords don't match.": "Les mots de passe ne correspondent pas.",
    "The user has not been created.": "L'utilisateur(trice) n'a pas été créé(e).",
    "Activate": "Activer",
    "Deactivate": "Désactiver",
    "Another user already exists with this username. Choose a different username.": "Un(e) utilisateur(trice) existe déjà avec ce nom d'utilisateur. Choisissez un autre nom d'utilisateur.",
    "Activate user": "Activer l'utilisateur",
    "Deactivate user": "Désactiver l'utilisateur",
    "First name (Asc)": "Prénom (Asc)",
    "First name (Desc)": "Prénom (Desc)",
    "Last name (Asc)": "Nom (Asc)",
    "Last name (Desc)": "Nom (Desc)",
    "View user details": "Voir le détail de l'utilisateur(trice)",
    "Users shown": "Utilisateurs affichés",
    "The user has been successfully updated.": "L'utilisateur(trice) a été mis(e) à jour avec succès.",
    "The user has been successfully created.": "L'utilisateur(trice) a été créé(e) avec succès.",
    "Title": "Titre",
    "Default label": "Libellé par défaut",
    "Default name": "Nom par défaut",
    "Select": "Sélection",
    "Select an option": "Sélectionnez une option",
    "green": "vert",
    "red": "rouge",
    "blue": "bleu",
    "yes": "oui",
    "no": "non",
    "Id": "Id",
    "Name": "Nom",
    "Description": "Description",
    "Link": "Lien",
    "Submit": "Soumettre",
    "This field is required": "Ce champ est obligatoire",
    "This field length should be larger": "Ce champ doit contenir plus de caractères",
    "This field length should be smaller": "Ce champ doit contenir moins de caractères",
    "This value is too small": "La valeur de ce champ est trop petite",
    "This value is too large": "La valeur de ce champ est trop grande",
    "This is not a valid email": "L'email saisi n'est pas valide",
    "Toggle the text area to HTML source code / Rich text area": "Basculer l'affichage du texte vers HTML / Rich Text",
    "Heading ": "Titre ",
    "Paragraph": "Paragraphe",
    "Preformatted text": "Texte préformaté",
    "Unordered List": "Liste",
    "Ordered List": "Liste numérotée",
    "Quote/unquote selection or paragraph": "Formater le paragraphe ou la sélection en citation",
    "Undo": "Annuler",
    "Redo": "Rétablir",
    "Bold": "Gras",
    "Italic": "Italique",
    "Underline": "Souligné",
    "Strikethrough": "Barré",
    "Align text left": "Aligner le texte à gauche",
    "Align text right": "Aligner le texte à droite",
    "Justify text": "Justifier le texte",
    "Center": "Centrer",
    "Increase indent": "Augmenter l'indentation",
    "Decrease indent": "Diminuer l'indentation",
    "Clear formatting": "Effacer le formatage",
    "Please enter an image URL to insert": "Saisissez l'URL de l'image à insérer",
    "Insert image": "Insérer une image",
    "Insert video": "Insérer une vidéo",
    "Please enter a youtube URL to embed": "Saisissez une URL YouTube à embarquer",
    "Insert / edit link": "Insérer/éditer un lien",
    "Please enter a URL to insert": "Entrez une URL à insérer",
    "Relink": "Changer le lien",
    "Unlink": "Enlever le lien",
    "Open in New Window": "Ouvrir dans une nouvelle fenêtre",
    "Display words Count": "Afficher le nombre de mots",
    "Display characters Count": "Afficher le nombre de caractères",
    "The requested content cannot be loaded.<br />Please try again later.": "Le contenu demandé ne peut pas être téléchargé.<br/> Veuillez réessayer plus tard.",
    "Date": "Date",
    "MM/dd/yyyy": "dd/MM/yyyy",
    "Today": "Aujourd'hui",
    "Now": "Maintenant",
    "Enter a date (mm/dd/yyyy)": "Saisissez une date (jj/mm/aaaa)",
    "Date and time": "Date et heure",
    "h:mm:ss a": "HH:mm:ss",
    "Enter a time (h:mm:ss a)": "Saisissez une heure (hh:mm:ss)",
    "$locale": {
      "DATETIME_FORMATS": {
        "AMPMS": [
          "AM",
          "PM"
        ],
        "DAY": [
          "dimanche",
          "lundi",
          "mardi",
          "mercredi",
          "jeudi",
          "vendredi",
          "samedi"
        ],
        "FIRSTDAYOFWEEK": 1,
        "MONTH": [
          "janvier",
          "février",
          "mars",
          "avril",
          "mai",
          "juin",
          "juillet",
          "août",
          "septembre",
          "octobre",
          "novembre",
          "décembre"
        ],
        "SHORTDAY": [
          "dim.",
          "lun.",
          "mar.",
          "mer.",
          "jeu.",
          "ven.",
          "sam."
        ],
        "SHORTMONTH": [
          "janv.",
          "févr.",
          "mars",
          "avr.",
          "mai",
          "juin",
          "juil.",
          "août",
          "sept.",
          "oct.",
          "nov.",
          "déc."
        ],
        "fullDate": "EEEE d MMMM y",
        "longDate": "d MMMM y",
        "medium": "d MMM y HH:mm:ss",
        "mediumDate": "d MMM y",
        "mediumTime": "HH:mm:ss",
        "short": "dd/MM/y HH:mm",
        "shortDate": "dd/MM/y",
        "shortTime": "HH:mm"
      }
    }
  },
  "es-ES": {
    "Users": "Usuarios",
    "Sort by": "Ordenar por",
    "First name, Last name or User name": "Nombre, Apellido o nombre de usuario",
    "active": "activo",
    "inactive": "inactivo",
    "First name": "Nombre",
    "Last name": "Apellido",
    "Username": "Nombre de Usuario",
    "No users to display": "No hay usuarios que mostrar",
    "Load more users": "Mostrar más usuarios",
    "Warning": "Atención",
    "If this is the only user able to perform a task, this will cause the interruption of a Process.": "Si este es el único usuario capaz de realizar una tarea, esto causará la interrupción de un proceso.",
    "Are you sure you want to deactivate this user?": "¿Está seguro que desea desactivar este usuario?",
    "Are you sure you want to activate this user?": "¿Está seguro que desea activar este usuario?",
    "An error has occurred. For more information, check the log file.": "Ha ocurrido un error. Para más información, compruebe el fichero de log",
    "Access denied. For more information, check the log file.": "Acceso denegado. Para más información, compruebe el fichero de log",
    "The user has not been updated.": "El usuario no ha sido actualizado.",
    "Cancel": "Cancelar",
    "Create a user": "Crear un usuario",
    "Password": "Contraseña",
    "Confirm password": "Confirmar contraseña",
    "The passwords don't match.": "Las contraseñas no coinciden.",
    "The user has not been created.": "El usuario no ha sido creado.",
    "Create": "Crear",
    "Activate": "Activar",
    "Deactivate": "Desactivar",
    "Another user already exists with this username. Choose a different username.": "Ya existe otro usuario con este nombre de usuario. Elige un nombre de usuario diferente.",
    "Activate user": "Activar usuario",
    "Deactivate user": "Desactivar usuario",
    "First name (Asc)": "Nombre (Asc)",
    "First name (Desc)": "Nombre (Desc)",
    "Last name (Asc)": "Apellido (Asc)",
    "Last name (Desc)": "Apellido (Desc)",
    "View user details": "Ver detalles del usuario",
    "Users shown": "Usuarios mostrados",
    "The user has been successfully updated.": "El usuario se ha actualizado correctamente.",
    "The user has been successfully created.": "El usuario se ha creado correctamente.",
    "Title": "Título",
    "Default label": "Etiqueta por defecto",
    "Default name": "Nombre por defecto",
    "Select": "Seleccionar",
    "Select an option": "Selecciona una opción",
    "green": "verde",
    "red": "rojo",
    "blue": "azul",
    "yes": "sí",
    "no": "no",
    "Id": "Id",
    "Name": "Nombre",
    "Description": "Descripción",
    "Link": "Enlace",
    "Submit": "Enviar",
    "This field is required": "Este campo es requerido",
    "This field length should be larger": "La longitud de este campo debería ser mayor",
    "This field length should be smaller": "La longitud de este campo debería ser menor",
    "This value is too small": "El valor de este campo es demasiado pequeño",
    "This value is too large": "El valor de este campo es demasiado grande",
    "This is not a valid email": "El email introducido no es válido",
    "Toggle the text area to HTML source code / Rich text area": "Cambiar el área de texto a código fuente HTML / área de texto enriquecido",
    "Heading ": " ",
    "Paragraph": "Párrafo",
    "Preformatted text": "Texto preformateado",
    "Unordered List": "Lista sin ordenar",
    "Ordered List": "Lista ordenada",
    "Quote/unquote selection or paragraph": "Citar / no citar selección o párrafo",
    "Undo": "Deshacer",
    "Redo": "Rehacer",
    "Bold": "Negrita",
    "Italic": "Itálico",
    "Underline": "Subrayado",
    "Strikethrough": "Tachado",
    "Align text left": "Alinear texto a la izquierda",
    "Align text right": "Alinear texto a la derecha",
    "Justify text": "Justificar texto",
    "Center": "Centrar",
    "Increase indent": "Aumentar sangría",
    "Decrease indent": "Disminuir sangría",
    "Clear formatting": "Borrar el formato",
    "Please enter an image URL to insert": "Por favor ingrese una URL de imagen para insertar",
    "Insert image": "Insertar imagen",
    "Insert video": "Insertar video",
    "Please enter a youtube URL to embed": "Por favor, introduzca una URL de youtube para incrustar",
    "Insert / edit link": "Insertar / editar enlace",
    "Please enter a URL to insert": "Por favor ingrese una URL para insertar",
    "Relink": "Rehacer el enlace",
    "Unlink": "Deshacer el enlace",
    "Open in New Window": "Abrir en una nueva ventana",
    "Display words Count": "Mostrar el número de palabras",
    "Display characters Count": "Mostrar el número de carácteres",
    "The requested content cannot be loaded.<br />Please try again later.": "El contenido solicitado no puede mostrarse.",
    "Today": "Hoy",
    "Now": "Ahora",
    "Date": "Fecha",
    "MM/dd/yyyy": "dd/MM/yyyy",
    "Enter a date (mm/dd/yyyy)": "Introducir una fecha (dd/mm/aaaa)",
    "Date and time": "Fecha y hora",
    "h:mm:ss a": "H:mm:ss",
    "Enter a time (h:mm:ss a)": "Introducir una hora (h:mm:ss)",
    "$locale": {
      "DATETIME_FORMATS": {
        "AMPMS": [
          "a. m.",
          "p. m."
        ],
        "DAY": [
          "domingo",
          "lunes",
          "martes",
          "miércoles",
          "jueves",
          "viernes",
          "sábado"
        ],
        "FIRSTDAYOFWEEK": 0,
        "MONTH": [
          "enero",
          "febrero",
          "marzo",
          "abril",
          "mayo",
          "junio",
          "julio",
          "agosto",
          "septiembre",
          "octubre",
          "noviembre",
          "diciembre"
        ],
        "SHORTDAY": [
          "dom.",
          "lun.",
          "mar.",
          "mié.",
          "jue.",
          "vie.",
          "sáb."
        ],
        "SHORTMONTH": [
          "ene.",
          "feb.",
          "mar.",
          "abr.",
          "may.",
          "jun.",
          "jul.",
          "ago.",
          "sept.",
          "oct.",
          "nov.",
          "dic."
        ],
        "fullDate": "EEEE, d 'de' MMMM 'de' y",
        "longDate": "d 'de' MMMM 'de' y",
        "medium": "d 'de' MMM 'de' y H:mm:ss",
        "mediumDate": "d 'de' MMM 'de' y",
        "mediumTime": "H:mm:ss",
        "short": "d/M/yy H:mm",
        "shortDate": "d/M/yy",
        "shortTime": "H:mm"
      }
    }
  },
  "ja-JP": {
    "Users": "ユーザー",
    "Sort by": "ソート",
    "First name, Last name or User name": "名、姓、またはユーザー名",
    "active": "アクティブ",
    "inactive": "非アクティブ",
    "First name": "名",
    "Last name": "名字",
    "Username": "ユーザー名",
    "No users to display": "表示するユーザーがいません",
    "Load more users": "更にユーザー読み込む",
    "Warning": "警告",
    "If this is the only user able to perform a task, this will cause the interruption of a Process.": "これがタスクを実行できる唯一のユーザーである場合、プロセスの中断を引き起こします。",
    "Are you sure you want to deactivate this user?": "このユーザーを無効にしてもよろしいですか？",
    "Are you sure you want to activate this user?": "このユーザーを有効にしてよろしいですか？",
    "An error has occurred. For more information, check the log file.": "エラーが発生しました。詳細はログファイルを確認してください。",
    "Access denied. For more information, check the log file.": "アクセスが拒否されました。詳細についてはログファイルを確認してください。",
    "The user has not been updated.": "ユーザーが更新されていません。",
    "Cancel": "キヤンセル",
    "Create a user": "ユーザーを作成",
    "Password": "パスワード",
    "Confirm password": "パスワードの確認",
    "The passwords don't match.": "パスワードが一致しません。",
    "The user has not been created.": "ユーザーが作成されていません。",
    "Create": "作成",
    "Activate": "アクティベート",
    "Deactivate": "ディアクティベート（無効化）",
    "Another user already exists with this username. Choose a different username.": "このユーザー名の別のユーザーが既に存在します。別のユーザー名を選択してください。",
    "Activate user": "利用者を有効にする",
    "Deactivate user": "ユーザーを無効にする",
    "First name (Asc)": "名 (昇順)",
    "First name (Desc)": "名 (降順)",
    "Last name (Asc)": "姓 (昇順)",
    "Last name (Desc)": "姓 (降順)",
    "View user details": "ユーザーの詳細を表示",
    "Users shown": "ユーザ表示",
    "The user has been successfully updated.": "The user has been successfully updated.",
    "The user has been successfully created.": "The user has been successfully created.",
    "Title": "タイトル",
    "Default label": "デフォルト ラベル",
    "Default name": "デフォルト名",
    "Select": "選択",
    "Select an option": "オプションを選択してください",
    "green": "緑",
    "red": "赤",
    "blue": "青",
    "yes": "はい",
    "no": "いいえ",
    "Id": "ID",
    "Name": "名前",
    "Description": "説明",
    "Link": "リンク",
    "Submit": "送信",
    "This field is required": "このフィールドは必須項目です",
    "This field length should be larger": "このフィールドの長さを大きくする必要があります",
    "This field length should be smaller": "このフィールドの長さを小さくする必要があります",
    "This value is too small": "この値が小さすぎます",
    "This value is too large": "この値が大きすぎます",
    "This is not a valid email": "これは有効なメールアドレスではありません",
    "Toggle the text area to HTML source code / Rich text area": "テキストエリアをHTMLソースコード/リッチテキストエリアに切り替えます",
    "Heading ": " ",
    "Paragraph": "パラグラフ（段落）",
    "Preformatted text": "書式付きテキスト",
    "Unordered List": "順序なしリスト",
    "Ordered List": "順序付きリスト",
    "Quote/unquote selection or paragraph": "選択または段落の引用/引用解除",
    "Undo": "元に戻す",
    "Redo": "やり直し",
    "Bold": "太字",
    "Italic": "斜体",
    "Underline": "下線",
    "Strikethrough": "取り消し線",
    "Align text left": "左揃え",
    "Align text right": "右揃え",
    "Justify text": "均等割り付け",
    "Center": "中央揃え",
    "Increase indent": "インデントを上げる",
    "Decrease indent": "インデントを減らす",
    "Clear formatting": "フォーマットをクリア",
    "Please enter an image URL to insert": "挿入する画像 URL を入力してください",
    "Insert image": "画像を挿入",
    "Insert video": "ビデオを挿入",
    "Please enter a youtube URL to embed": "埋め込むYouTubeのURLを入力してください",
    "Insert / edit link": "リンクの挿入 / 編集",
    "Please enter a URL to insert": "挿入する URL を入力してください",
    "Relink": "再リンク",
    "Unlink": "リンク解除",
    "Open in New Window": "新しいウィンドウで開く",
    "Display words Count": "単語数の表示",
    "Display characters Count": "文字数の表示",
    "The requested content cannot be loaded.<br />Please try again later.": "要求されたコンテンツを読み込むことができません。<br />後でもう一度お試しください。",
    "Today": "今日",
    "Now": "現在",
    "Date": "日付",
    "MM/dd/yyyy": "y/MM/dd",
    "Enter a date (mm/dd/yyyy)": "日付（mm/dd/yyyy）を入力します",
    "Date and time": "日付と時刻",
    "h:mm:ss a": "H:mm:ss",
    "Enter a time (h:mm:ss a)": "時刻を入力 (h:mm:ss a)",
    "$locale": {
      "DATETIME_FORMATS": {
        "AMPMS": [
          "午前",
          "午後"
        ],
        "DAY": [
          "日曜日",
          "月曜日",
          "火曜日",
          "水曜日",
          "木曜日",
          "金曜日",
          "土曜日"
        ],
        "FIRSTDAYOFWEEK": 6,
        "MONTH": [
          "1月",
          "2月",
          "3月",
          "4月",
          "5月",
          "6月",
          "7月",
          "8月",
          "9月",
          "10月",
          "11月",
          "12月"
        ],
        "SHORTDAY": [
          "日",
          "月",
          "火",
          "水",
          "木",
          "金",
          "土"
        ],
        "SHORTMONTH": [
          "1月",
          "2月",
          "3月",
          "4月",
          "5月",
          "6月",
          "7月",
          "8月",
          "9月",
          "10月",
          "11月",
          "12月"
        ],
        "fullDate": "y年M月d日EEEE",
        "longDate": "y年M月d日",
        "medium": "y/MM/dd H:mm:ss",
        "mediumDate": "y/MM/dd",
        "mediumTime": "H:mm:ss",
        "short": "y/MM/dd H:mm",
        "shortDate": "y/MM/dd",
        "shortTime": "H:mm"
      }
    }
  },
  "pt-BR": {
    "Users": "Usuários",
    "Sort by": "Ordenar por",
    "First name, Last name or User name": "Primeiro nome, sobrenome ou nome de usuário",
    "active": "ativo",
    "inactive": "inativo",
    "First name": "Nome",
    "Last name": "Último Nome",
    "Username": "Nome de usuário",
    "No users to display": "Nenhum usuário para exibir",
    "Load more users": "Carregar mais usuários",
    "Warning": "Aviso",
    "If this is the only user able to perform a task, this will cause the interruption of a Process.": "Se este for o único usuário capaz de executar uma tarefa, isso causará a interrupção de um Processo.",
    "Are you sure you want to deactivate this user?": "Você tem certeza que deseja desativar este usuário?",
    "Are you sure you want to activate this user?": "Você tem certeza que deseja ativar este usuário?",
    "An error has occurred. For more information, check the log file.": "Ocorreu um erro. Para mais informações, verifique o arquivo de log.",
    "Access denied. For more information, check the log file.": "Acesso negado. Para mais informações, verifique o arquivo de log.",
    "The user has not been updated.": "O usuário não foi atualizado.",
    "Cancel": "Cancelar",
    "Create a user": "Criar usuário",
    "Password": "Senha ",
    "Confirm password": "Confirme a senha",
    "The passwords don't match.": "As senhas não coincidem.",
    "The user has not been created.": "O usuário não foi criado.",
    "Create": "Criar",
    "Activate": "Ativar",
    "Deactivate": "Desativar",
    "Another user already exists with this username. Choose a different username.": "Outro usuário já existe com este nome de usuário. Escolha um nome de usuário diferente.",
    "Activate user": "Ativar usuário",
    "Deactivate user": "Desativar usuário",
    "First name (Asc)": "Primeiro nome (Asc)",
    "First name (Desc)": "Primeiro nome (Desc)",
    "Last name (Asc)": "Último Nome (Asc)",
    "Last name (Desc)": "Último Nome (Desc)",
    "View user details": "Ver detalhes do usuário",
    "Users shown": "Mostrar usuários",
    "The user has been successfully updated.": "O usuário foi atualizado com sucesso.",
    "The user has been successfully created.": "O usuário foi criado com sucesso.",
    "Title": "Título",
    "Default label": "Etiqueta padrão",
    "Default name": "Nome padrão",
    "Select": "Selecionar",
    "Select an option": "Selecionar uma opção",
    "green": "verde",
    "red": "vermelho",
    "blue": "azul",
    "yes": "sim",
    "no": "não",
    "Id": "ID",
    "Name": "Nome",
    "Description": "Descrição",
    "Link": "Link",
    "Submit": "Submeter",
    "This field is required": "Este campo é requerido",
    "This field length should be larger": "Este comprimento de campo deve ser maior",
    "This field length should be smaller": "Este comprimento do campo deve ser menor",
    "This value is too small": "Este valor é muito pequeno",
    "This value is too large": "Este valor é muito grande",
    "This is not a valid email": "Não é um email válido",
    "Toggle the text area to HTML source code / Rich text area": "Alternar a área de texto para o código-fonte HTML / área de rich text",
    "Heading ": "Título ",
    "Paragraph": "Paragrafo",
    "Preformatted text": "Texto preformatado",
    "Unordered List": "Lista não ordenada",
    "Ordered List": "Lista ordenada",
    "Quote/unquote selection or paragraph": "Marcar / Desmarcar seleção ou parágrafo",
    "Undo": "Desfazer",
    "Redo": "Pronto",
    "Bold": "Negrito",
    "Italic": "Italico",
    "Underline": "Sublinhado",
    "Strikethrough": "Tachado",
    "Align text left": "Alinhar texto a esquerda",
    "Align text right": "Alinhar texto a direita",
    "Justify text": "Texto Justificado",
    "Center": "Centralizado",
    "Increase indent": "Aumentar recuo",
    "Decrease indent": "Diminuir recuo",
    "Clear formatting": "Limpar formatação",
    "Please enter an image URL to insert": "Por favor entre com uma URL para inserir",
    "Insert image": "Inserir imagem",
    "Insert video": "Insereir video",
    "Please enter a youtube URL to embed": "Por favor entre com uma URL para inserir",
    "Insert / edit link": "Inserir / editar link",
    "Please enter a URL to insert": "Por favor entre com uma URL para inserir",
    "Relink": "Relink",
    "Unlink": "Desvincular",
    "Open in New Window": "Abrir em Nova Janela",
    "Display words Count": "Exibir contagem de palavras",
    "Display characters Count": "Exibir contagem de caracteres",
    "The requested content cannot be loaded.<br />Please try again later.": "O conteúdo solicitado não pode ser carregado.<br />Por favor tente mais tarde.",
    "Today": "Hoje",
    "Now": "Agora",
    "Date": "Data",
    "MM/dd/yyyy": "MM/dd/yyyy",
    "Enter a date (mm/dd/yyyy)": "Entre com uma data (mm/dd/yyyy)",
    "Date and time": "Data e hora",
    "h:mm:ss a": "h:mm:ss a",
    "Enter a time (h:mm:ss a)": "Entre com uma hora (h:mm:ss a)",
    "$locale": {
      "DATETIME_FORMATS": {
        "AMPMS": [
          "AM",
          "PM"
        ],
        "DAY": [
          "domingo",
          "segunda-feira",
          "terça-feira",
          "quarta-feira",
          "quinta-feira",
          "sexta-feira",
          "sábado"
        ],
        "FIRSTDAYOFWEEK": 6,
        "MONTH": [
          "janeiro",
          "fevereiro",
          "março",
          "abril",
          "maio",
          "junho",
          "julho",
          "agosto",
          "setembro",
          "outubro",
          "novembro",
          "dezembro"
        ],
        "SHORTDAY": [
          "dom",
          "seg",
          "ter",
          "qua",
          "qui",
          "sex",
          "sáb"
        ],
        "SHORTMONTH": [
          "jan",
          "fev",
          "mar",
          "abr",
          "mai",
          "jun",
          "jul",
          "ago",
          "set",
          "out",
          "nov",
          "dez"
        ],
        "fullDate": "EEEE, d 'de' MMMM 'de' y",
        "longDate": "d 'de' MMMM 'de' y",
        "medium": "d 'de' MMM 'de' y HH:mm:ss",
        "mediumDate": "d 'de' MMM 'de' y",
        "mediumTime": "HH:mm:ss",
        "short": "dd/MM/yy HH:mm",
        "shortDate": "dd/MM/yy",
        "shortTime": "HH:mm"
      }
    }
  }
}