{
  "fr-FR": {
    "Processes": "Processus",
    "Install": "Installer",
    "Enabled": "Activés",
    "Enabled processes can be started and run. They cannot be deleted unless you disable them first.": "Les processus activés peuvent être démarrés et exécutés. Ils ne peuvent pas être supprimés sans être désactivés.",
    "Disabled": "Désactivés",
    "Disabled processes neither can be started nor run. They must be resolved to be enabled.": "Les processus désactivés ne peuvent être ni démarrés ni exécutés. Ils doivent d'abord être résolus puis activés.",
    "Search by name, display name, or version": "Rechercher par nom, nom métier ou version",
    "Sort by": "Trier par",
    "Refresh": "Rafraîchir",
    "State": "Etat",
    "Display name": "Nom métier",
    "Version": "Version",
    "Installed on": "Installé le",
    "Installed by": "Installé par",
    "Updated on": "Mis à jour le",
    "No description": "Aucune description",
    "View process details": "Voir les détails du processus",
    "Disable": "Désactiver",
    "Enable": "Activer",
    "Processes shown": "Processus affichés",
    "No processes to display": "Aucun processus à afficher",
    "Load more processes": "Afficher plus de processus",
    "Resolved and unresolved": "Résolus et non résolus",
    "Resolved only": "Résolus seulement",
    "Unresolved only": "Non résolus seulement",
    "Disabling this process will remove it from the list of processes that users can start.": "Désactiver ce processus le supprimera de la liste des processus que les utilisateurs peuvent démarrer.",
    "Open cases of this process will continue to run normally.": "Les cas de ce processus en cours continueront à s'exécuter normalement.",
    "Are you sure you want to disable": "Êtes-vous sûr(e) de vouloir désactiver",
    "Enabling this process will make it visible to the users who can start it.": "Activer ce processus le rendra visible aux utilisateurs qui peuvent le démarrer.",
    "Are you sure you want to enable": "Etes-vous sûr(e) de vouloir activer",
    "Access denied. For more information, check the log file.": "Accès refusé. Pour plus d'informations, consultez les logs.",
    "The process has not been enabled.": "Le processus n'a pas été activé.",
    "The process has not been disabled.": "Le processus n'a pas été désactivé.",
    "Disabling process...": "Désactivation du processus en cours ...",
    "Enabling process...": "Activation du processus en cours ...",
    "Close": "Fermer",
    "Install process": "Installer un processus",
    "Upload the business archive containing the process definition to install.": "Chargez l'archive contenant la définition du processus à installer (.bar).",
    "Click here to choose your .bar file": "Cliquez ici pour choisir le fichier .bar",
    "The process has not been installed.": "Le processus n'a pas été installé.",
    "Process successfully installed.": "Le processus a été installé avec succès.",
    "Installing process...": "Installation du processus en cours ...",
    "Name (Asc)": "Nom (alphabétique)",
    "Name (Desc)": "Nom (inverse alph.)",
    "Display name (Asc)": "Nom métier (alphabétique)",
    "Display name (Desc)": "Nom métier (inverse alph.)",
    "Version (Asc)": "Version (croissant)",
    "Version (Desc)": "Version (décroissant)",
    "Installed on (Newest first)": "Date d'installation (la plus récente en premier)",
    "Installed on (Oldest first)": "Date d'installation (la plus ancienne en premier)",
    "Updated on (Newest first)": "Dernière mise à jour (la plus récente d'abord)",
    "Updated on (Oldest first)": "Dernière mise à jour (la plus ancienne d'abord)",
    "Another process already exists with the name defined in the .bar. Please remove the currently installed process.": "Un autre processus existe déjà avec le nom défini dans le .bar. Supprimez le processus installé puis réessayez.",
    "Invalid file format. For more information, check the log file.": "Format de fichier invalide. Pour plus d'informations, consultez les logs.",
    "An error has occurred. For more information, check the log file.": "Une erreur s'est produite. Pour plus d'informations, consultez les logs.",
    "This process is already disabled.": "Ce processus est déjà désactivé.",
    "This process is already enabled.": "Ce processus est déjà activé.",
    "Resolved": "Configuré",
    "Unresolved. Click on \"View process details\" to complete the configuration.": "Non configuré. Cliquez sur \"Voir les détails du processus\" pour terminer la configuration.",
    "This process is not fully configured. It cannot be enabled. Click on the \"View process details\" icon.": "Ce processus n'est pas entièrement configuré. Il ne peut pas être activé. Cliquez sur l'icône \"Voir les détails du processus\".",
    "Title": "Titre",
    "Default label": "Libellé par défaut",
    "Default name": "Nom par défaut",
    "Select": "Sélection",
    "Select an option": "Sélectionnez une option",
    "green": "vert",
    "red": "rouge",
    "blue": "bleu",
    "yes": "oui",
    "no": "non",
    "Id": "Id",
    "Name": "Nom",
    "Description": "Description",
    "Link": "Lien",
    "Submit": "Soumettre",
    "This field is required": "Ce champ est obligatoire",
    "This field length should be larger": "Ce champ doit contenir plus de caractères",
    "This field length should be smaller": "Ce champ doit contenir moins de caractères",
    "This value is too small": "La valeur de ce champ est trop petite",
    "This value is too large": "La valeur de ce champ est trop grande",
    "This is not a valid email": "L'email saisi n'est pas valide",
    "Toggle the text area to HTML source code / Rich text area": "Basculer l'affichage du texte vers HTML / Rich Text",
    "Heading ": "Titre ",
    "Paragraph": "Paragraphe",
    "Preformatted text": "Texte préformaté",
    "Unordered List": "Liste",
    "Ordered List": "Liste numérotée",
    "Quote/unquote selection or paragraph": "Formater le paragraphe ou la sélection en citation",
    "Undo": "Annuler",
    "Redo": "Rétablir",
    "Bold": "Gras",
    "Italic": "Italique",
    "Underline": "Souligné",
    "Strikethrough": "Barré",
    "Align text left": "Aligner le texte à gauche",
    "Align text right": "Aligner le texte à droite",
    "Justify text": "Justifier le texte",
    "Center": "Centrer",
    "Increase indent": "Augmenter l'indentation",
    "Decrease indent": "Diminuer l'indentation",
    "Clear formatting": "Effacer le formatage",
    "Please enter an image URL to insert": "Saisissez l'URL de l'image à insérer",
    "Insert image": "Insérer une image",
    "Insert video": "Insérer une vidéo",
    "Please enter a youtube URL to embed": "Saisissez une URL YouTube à embarquer",
    "Insert / edit link": "Insérer/éditer un lien",
    "Please enter a URL to insert": "Entrez une URL à insérer",
    "Relink": "Changer le lien",
    "Unlink": "Enlever le lien",
    "Open in New Window": "Ouvrir dans une nouvelle fenêtre",
    "Display words Count": "Afficher le nombre de mots",
    "Display characters Count": "Afficher le nombre de caractères",
    "The requested content cannot be loaded.<br />Please try again later.": "Le contenu demandé ne peut pas être téléchargé.<br/> Veuillez réessayer plus tard.",
    "Date": "Date",
    "MM/dd/yyyy": "dd/MM/yyyy",
    "Today": "Aujourd'hui",
    "Now": "Maintenant",
    "Enter a date (mm/dd/yyyy)": "Saisissez une date (jj/mm/aaaa)",
    "Date and time": "Date et heure",
    "h:mm:ss a": "HH:mm:ss",
    "Enter a time (h:mm:ss a)": "Saisissez une heure (hh:mm:ss)",
    "$locale": {
      "DATETIME_FORMATS": {
        "AMPMS": [
          "AM",
          "PM"
        ],
        "DAY": [
          "dimanche",
          "lundi",
          "mardi",
          "mercredi",
          "jeudi",
          "vendredi",
          "samedi"
        ],
        "FIRSTDAYOFWEEK": 1,
        "MONTH": [
          "janvier",
          "février",
          "mars",
          "avril",
          "mai",
          "juin",
          "juillet",
          "août",
          "septembre",
          "octobre",
          "novembre",
          "décembre"
        ],
        "SHORTDAY": [
          "dim.",
          "lun.",
          "mar.",
          "mer.",
          "jeu.",
          "ven.",
          "sam."
        ],
        "SHORTMONTH": [
          "janv.",
          "févr.",
          "mars",
          "avr.",
          "mai",
          "juin",
          "juil.",
          "août",
          "sept.",
          "oct.",
          "nov.",
          "déc."
        ],
        "fullDate": "EEEE d MMMM y",
        "longDate": "d MMMM y",
        "medium": "d MMM y HH:mm:ss",
        "mediumDate": "d MMM y",
        "mediumTime": "HH:mm:ss",
        "short": "dd/MM/y HH:mm",
        "shortDate": "dd/MM/y",
        "shortTime": "HH:mm"
      }
    }
  },
  "es-ES": {
    "Processes": "Procesos",
    "Install": "Instalar",
    "Enabled": "Activado",
    "Enabled processes can be started and run. They cannot be deleted unless you disable them first.": "Los procesos habilitados pueden ser iniciados y ejecutados. No pueden ser eliminados a menos que los deshabilites primero.",
    "Disabled": "Desactivado",
    "Disabled processes neither can be started nor run. They must be resolved to be enabled.": "Los procesos desactivados no pueden ser iniciados ni ejecutados. Deben ser resueltos para ser habilitados.",
    "Search by name, display name, or version": "Buscar por nombre, nombre mostrado o versión",
    "Sort by": "Ordenar por",
    "Refresh": "Actualizar",
    "State": "Estado",
    "Display name": "Nombre mostrado",
    "Version": "Versión",
    "Installed on": "Instalado el",
    "Installed by": "Instalado por",
    "Updated on": "Actualizado el",
    "No description": "Sin descripción",
    "View process details": "Ver detalles del proceso",
    "Disable": "Desactivar",
    "Enable": "Activar",
    "Processes shown": "Procesos mostrados",
    "No processes to display": "No hay procesos para mostrar",
    "Load more processes": "Mostrar más procesos",
    "Resolved and unresolved": "Resuelto y sin resolver",
    "Resolved only": "Sólo resueltos ",
    "Unresolved only": "Solo sin resolver",
    "Disabling this process will remove it from the list of processes that users can start.": "Deshabilitar este proceso la eliminará de la lista de procesos que los usuarios pueden iniciar.",
    "Open cases of this process will continue to run normally.": "Los casos en curso de este proceso seguirán funcionando normalmente.",
    "Are you sure you want to disable": "¿Está seguro de que desea desactivar",
    "Enabling this process will make it visible to the users who can start it.": "Habilitar este proceso hará que sea visible para que los usuarios puedan iniciarlo.",
    "Are you sure you want to enable": "¿Está seguro de que desea activar",
    "Access denied. For more information, check the log file.": "Acceso denegado. Para más información, compruebe el fichero de log",
    "The process has not been enabled.": "El proceso no se puede activar.",
    "The process has not been disabled.": "El proceso no se puede desactivar.",
    "Disabling process...": "Desactivando proceso...",
    "Enabling process...": "Activando proceso...",
    "Close": "Cerrar",
    "Install process": "Instalar proceso",
    "Upload the business archive containing the process definition to install.": "Sube el fichero (BAR) que contiene la definición del proceso a instalar.",
    "Click here to choose your .bar file": "Haga clic aquí para elegir su archivo .bar",
    "The process has not been installed.": "El proceso no ha sido instalado.",
    "Process successfully installed.": "Proceso instalado correctamente.",
    "Installing process...": "Instalando proceso...",
    "Name (Asc)": "Nombre (Asc)",
    "Name (Desc)": "Name (Desc)",
    "Display name (Asc)": "Nombre mostrado (Asc)",
    "Display name (Desc)": "Nombre mostrado (Desc)",
    "Version (Asc)": "Versión (Asc)",
    "Version (Desc)": "Versión (Desc)",
    "Installed on (Newest first)": "Instalado el (más reciente primero)",
    "Installed on (Oldest first)": "Instalado (más antiguo primero)",
    "Updated on (Newest first)": "Actualizado (Más reciente primero)",
    "Updated on (Oldest first)": "Actualizado (Más antiguo primero)",
    "Another process already exists with the name defined in the .bar. Please remove the currently installed process.": "Ya existe otro proceso con el nombre definido en el .bar. Por favor, elimine el proceso actualmente instalado.",
    "Invalid file format. For more information, check the log file.": "Formato de archivo inválido. Para más información, compruebe el archivo de log.",
    "An error has occurred. For more information, check the log file.": "Ha ocurrido un error. Para más información, compruebe el archivo de log.",
    "This process is already disabled.": "Este proceso ya está desactivado.",
    "This process is already enabled.": "Este proceso ya está habilitado.",
    "Resolved": "Resuelto",
    "Unresolved. Click on \"View process details\" to complete the configuration.": "Sin resolver. Haga clic en \"Ver detalles del proceso\" para completar la configuración.",
    "This process is not fully configured. It cannot be enabled. Click on the \"View process details\" icon.": "Este proceso no está completamente configurado. No se puede habilitar. Haga clic en el icono \"Ver detalles del proceso\".",
    "Title": "Título",
    "Default label": "Etiqueta por defecto",
    "Default name": "Nombre por defecto",
    "Select": "Seleccionar",
    "Select an option": "Selecciona una opción",
    "green": "verde",
    "red": "rojo",
    "blue": "azul",
    "yes": "sí",
    "no": "no",
    "Id": "Id",
    "Name": "Nombre",
    "Description": "Descripción",
    "Link": "Enlace",
    "Submit": "Enviar",
    "This field is required": "Este campo es requerido",
    "This field length should be larger": "La longitud de este campo debería ser mayor",
    "This field length should be smaller": "La longitud de este campo debería ser menor",
    "This value is too small": "El valor de este campo es demasiado pequeño",
    "This value is too large": "El valor de este campo es demasiado grande",
    "This is not a valid email": "El email introducido no es válido",
    "Toggle the text area to HTML source code / Rich text area": "Cambiar la zona de texto por código fuente HTML / Área de texto enriquecido",
    "Heading ": "Título",
    "Paragraph": "Parráfo",
    "Preformatted text": "Texto preformateado",
    "Unordered List": "Lista sin ordenar",
    "Ordered List": "Lista ordenada",
    "Quote/unquote selection or paragraph": "Citar / no citar selección o párrafo",
    "Undo": "Deshacer",
    "Redo": "Rehacer",
    "Bold": "Negrita",
    "Italic": "Itálico",
    "Underline": "Subrayado",
    "Strikethrough": "Tachado",
    "Align text left": "Alinear texto a la izquierda",
    "Align text right": "Alinear texto a la derecha",
    "Justify text": "Justifica el texto",
    "Center": "Centrar",
    "Increase indent": "Aumentar sangría",
    "Decrease indent": "Disminuir sangría",
    "Clear formatting": "Borrar el formato",
    "Please enter an image URL to insert": "Por favor ingrese una URL de imagen para insertar",
    "Insert image": "Insertar imagen",
    "Insert video": "Insertar video",
    "Please enter a youtube URL to embed": "Por favor, introduzca una URL de youtube para incrustar",
    "Insert / edit link": "Insertar / editar enlace",
    "Please enter a URL to insert": "Por favor ingrese una URL para insertar",
    "Relink": "Rehacer el enlace",
    "Unlink": "Deshacer el enlace",
    "Open in New Window": "Abrir en una nueva ventana",
    "Display words Count": "Mostrar el número de palabras",
    "Display characters Count": "Mostrar el número de carácteres",
    "The requested content cannot be loaded.<br />Please try again later.": "El contenido solicitado no puede mostrarse.",
    "Today": "Hoy",
    "Now": "Ahora",
    "Date": "Fecha",
    "MM/dd/yyyy": "dd/MM/yyyy",
    "Enter a date (mm/dd/yyyy)": "Introducir una fecha (dd/mm/aaaa)",
    "Date and time": "Fecha y hora",
    "h:mm:ss a": "H:mm:ss",
    "Enter a time (h:mm:ss a)": "Introducir una hora (h:mm:ss)",
    "$locale": {
      "DATETIME_FORMATS": {
        "AMPMS": [
          "a. m.",
          "p. m."
        ],
        "DAY": [
          "domingo",
          "lunes",
          "martes",
          "miércoles",
          "jueves",
          "viernes",
          "sábado"
        ],
        "FIRSTDAYOFWEEK": 0,
        "MONTH": [
          "enero",
          "febrero",
          "marzo",
          "abril",
          "mayo",
          "junio",
          "julio",
          "agosto",
          "septiembre",
          "octubre",
          "noviembre",
          "diciembre"
        ],
        "SHORTDAY": [
          "dom.",
          "lun.",
          "mar.",
          "mié.",
          "jue.",
          "vie.",
          "sáb."
        ],
        "SHORTMONTH": [
          "ene.",
          "feb.",
          "mar.",
          "abr.",
          "may.",
          "jun.",
          "jul.",
          "ago.",
          "sept.",
          "oct.",
          "nov.",
          "dic."
        ],
        "fullDate": "EEEE, d 'de' MMMM 'de' y",
        "longDate": "d 'de' MMMM 'de' y",
        "medium": "d 'de' MMM 'de' y H:mm:ss",
        "mediumDate": "d 'de' MMM 'de' y",
        "mediumTime": "H:mm:ss",
        "short": "d/M/yy H:mm",
        "shortDate": "d/M/yy",
        "shortTime": "H:mm"
      }
    }
  },
  "ja-JP": {
    "Processes": "プロセス",
    "Install": "インストール",
    "Enabled": "有効",
    "Enabled processes can be started and run. They cannot be deleted unless you disable them first.": "有効なプロセスを開始して実行できます。無効にしないと削除できません。",
    "Disabled": "無効",
    "Disabled processes neither can be started nor run. They must be resolved to be enabled.": "無効化されたプロセスは起動も実行もできません。有効化するには解決する必要があります。",
    "Search by name, display name, or version": "名前、表示名、バージョンで検索",
    "Sort by": "ソート",
    "Refresh": "リフレッシュ",
    "State": "ステータス",
    "Display name": "表示名",
    "Version": "バージョン",
    "Installed on": "インストール日",
    "Installed by": "インストール者",
    "Updated on": "更新日時",
    "No description": "説明はありません",
    "View process details": "プロセスの詳細を表示",
    "Disable": "無効にする",
    "Enable": "有効にする",
    "Processes shown": "表示されるプロセス",
    "No processes to display": "表示するプロセスがありません",
    "Load more processes": "さらにプロセスを読み込む",
    "Resolved and unresolved": "解決済みと未解決",
    "Resolved only": "解決済みのみ",
    "Unresolved only": "未解決のみ",
    "Disabling this process will remove it from the list of processes that users can start.": "このプロセスを無効にすると、ユーザーが開始できるプロセスのリストからプロセスが削除されます。",
    "Open cases of this process will continue to run normally.": "このプロセスのオープンケースは引き続き正常に実行されます。",
    "Are you sure you want to disable": "無効にしてもよろしいですか？",
    "Enabling this process will make it visible to the users who can start it.": "このプロセスを有効にすると、それを開始できるユーザーに表示されます。",
    "Are you sure you want to enable": "有効にしてよろしいですか？",
    "Access denied. For more information, check the log file.": "アクセスが拒否されました。 詳細についてはログファイルを確認してください。",
    "The process has not been enabled.": "プロセスが有効になっていません。",
    "The process has not been disabled.": "プロセスは無効になっていません。",
    "Disabling process...": "プロセスを無効にする...",
    "Enabling process...": "プロセスを有効にしています...",
    "Close": "閉じる",
    "Install process": "プロセスをインストール する",
    "Upload the business archive containing the process definition to install.": "インストールするプロセス定義を含むビジネス アーカイブをアップロードします。",
    "Click here to choose your .bar file": "ここをクリックして .bar ファイルを選択します。",
    "The process has not been installed.": "プロセスがインストールされていません。",
    "Process successfully installed.": "プロセスが正常にインストールされました。",
    "Installing process...": "プロセスをインストールしています...",
    "Name (Asc)": "名前 (昇順)",
    "Name (Desc)": "Name (降順)",
    "Display name (Asc)": "表示名 (昇順)",
    "Display name (Desc)": "表示名 (降順)",
    "Version (Asc)": "バージョン(昇順Asc)",
    "Version (Desc)": "バージョン (降順/Desc)",
    "Installed on (Newest first)": "既インストール（新しい順）",
    "Installed on (Oldest first)": "既インストール（古い順）",
    "Updated on (Newest first)": "更新日（新しい順）",
    "Updated on (Oldest first)": "更新日（古い順）",
    "Another process already exists with the name defined in the .bar. Please remove the currently installed process.": ".barで定義された名前の別のプロセスがすでに存在します。 現在インストールされているプロセスを削除してください。",
    "Invalid file format. For more information, check the log file.": "ファイル形式が無効です。 詳細については、ログファイルを確認してください。",
    "An error has occurred. For more information, check the log file.": "エラーが発生しました。 詳細についてはログファイルを確認してください。",
    "This process is already disabled.": "このプロセスは既に無効です。",
    "This process is already enabled.": "このプロセスはすでに有効になっています。",
    "Resolved": "解決済み",
    "Unresolved. Click on \"View process details\" to complete the configuration.": "未解決です。「プロセスの詳細を表示」をクリックして設定を完了してください。",
    "This process is not fully configured. It cannot be enabled. Click on the \"View process details\" icon.": "このプロセスは完全には構成されていません。 有効にすることはできません。 「プロセスの詳細を表示」アイコンをクリックします。",
    "Title": "タイトル",
    "Default label": "デフォルト ラベル",
    "Default name": "デフォルト名",
    "Select": "選択",
    "Select an option": "オプションを選択してください",
    "green": "緑",
    "red": "赤",
    "blue": "青",
    "yes": "はい",
    "no": "いいえ",
    "Id": "ID",
    "Name": "名前",
    "Description": "説明",
    "Link": "リンク",
    "Submit": "送信",
    "This field is required": "このフィールドは必須項目です",
    "This field length should be larger": "このフィールドの長さを大きくする必要があります",
    "This field length should be smaller": "このフィールドの長さを小さくする必要があります",
    "This value is too small": "この値が小さすぎます",
    "This value is too large": "この値は大きすぎます",
    "This is not a valid email": "これは有効なメールアドレスではありません",
    "Toggle the text area to HTML source code / Rich text area": "テキストエリアをHTMLソースコード/リッチテキストエリアに切り替えます",
    "Heading ": " ",
    "Paragraph": "パラグラフ",
    "Preformatted text": "書式付きテキスト",
    "Unordered List": "順序なしリスト",
    "Ordered List": "順序付きリスト",
    "Quote/unquote selection or paragraph": "選択または段落の引用/引用解除",
    "Undo": "元に戻す",
    "Redo": "やり直し",
    "Bold": "太字",
    "Italic": "斜体",
    "Underline": "下線",
    "Strikethrough": "取り消し線",
    "Align text left": "左揃え",
    "Align text right": "右揃え",
    "Justify text": "均等割り付け",
    "Center": "中央揃え",
    "Increase indent": "インデントを増やす",
    "Decrease indent": "インデントを減らす",
    "Clear formatting": "フォーマットをクリア",
    "Please enter an image URL to insert": "挿入する画像 URL を入力してください",
    "Insert image": "画像を挿入",
    "Insert video": "ビデオを挿入",
    "Please enter a youtube URL to embed": "埋め込むYouTubeのURLを入力してください",
    "Insert / edit link": "リンクの挿入 / 編集",
    "Please enter a URL to insert": "挿入する URL を入力してください",
    "Relink": "再リンク",
    "Unlink": "リンク解除",
    "Open in New Window": "新しいウィンドウで開く",
    "Display words Count": "単語数を表示する",
    "Display characters Count": "表示文字数",
    "The requested content cannot be loaded.<br />Please try again later.": "要求されたコンテンツを読み込むことができません。<br />後でもう一度お試しください。",
    "Today": "今日",
    "Now": "現在",
    "Date": "日付",
    "MM/dd/yyyy": "y/MM/dd",
    "Enter a date (mm/dd/yyyy)": "日付（mm/dd/yyyy）を入力します",
    "Date and time": "日付と時刻",
    "h:mm:ss a": "H:mm:ss",
    "Enter a time (h:mm:ss a)": "時刻を入力 (h:mm:ss a)",
    "$locale": {
      "DATETIME_FORMATS": {
        "AMPMS": [
          "午前",
          "午後"
        ],
        "DAY": [
          "日曜日",
          "月曜日",
          "火曜日",
          "水曜日",
          "木曜日",
          "金曜日",
          "土曜日"
        ],
        "FIRSTDAYOFWEEK": 6,
        "MONTH": [
          "1月",
          "2月",
          "3月",
          "4月",
          "5月",
          "6月",
          "7月",
          "8月",
          "9月",
          "10月",
          "11月",
          "12月"
        ],
        "SHORTDAY": [
          "日",
          "月",
          "火",
          "水",
          "木",
          "金",
          "土"
        ],
        "SHORTMONTH": [
          "1月",
          "2月",
          "3月",
          "4月",
          "5月",
          "6月",
          "7月",
          "8月",
          "9月",
          "10月",
          "11月",
          "12月"
        ],
        "fullDate": "y年M月d日EEEE",
        "longDate": "y年M月d日",
        "medium": "y/MM/dd H:mm:ss",
        "mediumDate": "y/MM/dd",
        "mediumTime": "H:mm:ss",
        "short": "y/MM/dd H:mm",
        "shortDate": "y/MM/dd",
        "shortTime": "H:mm"
      }
    }
  },
  "pt-BR": {
    "Processes": "Processos",
    "Install": "Instalar",
    "Enabled": "Ativado",
    "Enabled processes can be started and run. They cannot be deleted unless you disable them first.": "Processos habilitados podem ser iniciados e executados. Eles não podem ser excluídos a menos que você os desative primeiro.",
    "Disabled": "Desativado",
    "Disabled processes neither can be started nor run. They must be resolved to be enabled.": "Processos desabilitados não podem ser iniciados nem executados. Eles devem ser resolvidos para serem habilitados.",
    "Search by name, display name, or version": "Pesquisar por nome, nome de exibição, ou versão",
    "Sort by": "Ordenar por",
    "Refresh": "Atualize",
    "State": "Status",
    "Display name": "Nome de exibição",
    "Version": "Versão",
    "Installed on": "Instalado em",
    "Installed by": "Instalado por",
    "Updated on": "Atualizado em",
    "No description": "Sem descrição",
    "View process details": "Visualizar detalhes do processo",
    "Disable": "Desativar",
    "Enable": "Ativar",
    "Processes shown": "Processos exibidos",
    "No processes to display": "Sem processo para exibir",
    "Load more processes": "Carregar mais processos",
    "Resolved and unresolved": "Resolvida e não resolvida",
    "Resolved only": "Resolvido apenas",
    "Unresolved only": "Somente não resolvido",
    "Disabling this process will remove it from the list of processes that users can start.": "Desabilitar este processo irá removê-lo da lista de processos que os usuários podem iniciar.",
    "Open cases of this process will continue to run normally.": "Casos abertos deste processo continuarão a ser executados normalmente.",
    "Are you sure you want to disable": "Tem certeza que deseja desativar",
    "Enabling this process will make it visible to the users who can start it.": "Habilitar este processo o tornará visível para os usuários que podem iniciá-lo.",
    "Are you sure you want to enable": "Tem certeza de que deseja ativar",
    "Access denied. For more information, check the log file.": "Acesso negado. Para mais informações, verifique o arquivo de log.",
    "The process has not been enabled.": "O processo não foi ativado",
    "The process has not been disabled.": "O processo não foi desativado.",
    "Disabling process...": "Desabilitando processo...",
    "Enabling process...": "Ativando o processo...",
    "Close": "Fechar",
    "Install process": "Instalar um processo",
    "Upload the business archive containing the process definition to install.": "Carregue o arquivo de negócios que contém a definição do processo a ser instalada.",
    "Click here to choose your .bar file": "Clique aqui para escolher o arquivo .bar",
    "The process has not been installed.": "O processo não foi instalado.",
    "Process successfully installed.": "Processo instalado com sucesso.",
    "Installing process...": "Instalando o processo...",
    "Name (Asc)": "Nome (Asc)",
    "Name (Desc)": "Name (Desc)",
    "Display name (Asc)": "Nome para exibição (ASC)",
    "Display name (Desc)": "Nome para exibição (Desc)",
    "Version (Asc)": "Versão (Asc.)",
    "Version (Desc)": "Versão (Desc)",
    "Installed on (Newest first)": "Instalado em (mais novos primeiro)",
    "Installed on (Oldest first)": "Instalado em (mais antigos primeiro)",
    "Updated on (Newest first)": "Instalado em (mais novos primeiro)",
    "Updated on (Oldest first)": "Atualizado - mais antigo primeiro)",
    "Another process already exists with the name defined in the .bar. Please remove the currently installed process.": "Outro processo já existe com o nome definido na .bar. Por favor remova o processo atualmente instalado.",
    "Invalid file format. For more information, check the log file.": "Formato de arquivo inválido. Para mais informações, verifique o arquivo de log.",
    "An error has occurred. For more information, check the log file.": "Ocorreu um erro. Para mais informações, verifique o arquivo de log.",
    "This process is already disabled.": "Este processo já está desativado.",
    "This process is already enabled.": "Este processo já está habilitado.",
    "Resolved": "Resolvido",
    "Unresolved. Click on \"View process details\" to complete the configuration.": "Não resolvido. Clique em \"Ver detalhes do processo\" para completar a configuração.",
    "This process is not fully configured. It cannot be enabled. Click on the \"View process details\" icon.": "Esse processo não está totalmente configurado. Não pode ser habilitado. Clique no ícone \"Ver detalhes do processo\".",
    "Title": "Título",
    "Default label": "Etiqueta padrão",
    "Default name": "Nome padrão",
    "Select": "Selecionar",
    "Select an option": "Selecionar uma opção",
    "green": "verde",
    "red": "vermelho",
    "blue": "azul",
    "yes": "sim",
    "no": "não",
    "Id": "ID",
    "Name": "Nome",
    "Description": "Descrição",
    "Link": "Link",
    "Submit": "Submeter",
    "This field is required": "Este campo é requerido",
    "This field length should be larger": "Este comprimento de campo deve ser maior",
    "This field length should be smaller": "Este comprimento do campo deve ser menor",
    "This value is too small": "Este valor é muito pequeno",
    "This value is too large": "Este valor é muito grande",
    "This is not a valid email": "Não é um email válido",
    "Toggle the text area to HTML source code / Rich text area": "Alternar a área de texto para o código-fonte HTML / área de rich text",
    "Heading ": "Título ",
    "Paragraph": "Paragrafo",
    "Preformatted text": "Texto preformatado",
    "Unordered List": "Lista não ordenada",
    "Ordered List": "Lista ordenada",
    "Quote/unquote selection or paragraph": "Marcar / Desmarcar seleção ou parágrafo",
    "Undo": "Desfazer",
    "Redo": "Pronto",
    "Bold": "Negrito",
    "Italic": "Italico",
    "Underline": "Sublinhado",
    "Strikethrough": "Tachado",
    "Align text left": "Alinhar texto a esquerda",
    "Align text right": "Alinhar texto a direita",
    "Justify text": "Texto Justificado",
    "Center": "Centralizado",
    "Increase indent": "Aumentar recuo",
    "Decrease indent": "Diminuir recuo",
    "Clear formatting": "Limpar formatação",
    "Please enter an image URL to insert": "Por favor entre com uma URL para inserir",
    "Insert image": "Inserir imagem",
    "Insert video": "Insereir video",
    "Please enter a youtube URL to embed": "Por favor entre com uma URL para inserir",
    "Insert / edit link": "Inserir / editar link",
    "Please enter a URL to insert": "Por favor entre com uma URL para inserir",
    "Relink": "Relink",
    "Unlink": "Desvincular",
    "Open in New Window": "Abrir em Nova Janela",
    "Display words Count": "Exibir contagem de palavras",
    "Display characters Count": "Exibir contagem de caracteres",
    "The requested content cannot be loaded.<br />Please try again later.": "O conteúdo solicitado não pode ser carregado.<br />Por favor tente mais tarde.",
    "Today": "Hoje",
    "Now": "Agora",
    "Date": "Data",
    "MM/dd/yyyy": "MM/dd/yyyy",
    "Enter a date (mm/dd/yyyy)": "Entre com uma data (mm/dd/yyyy)",
    "Date and time": "Data e hora",
    "h:mm:ss a": "h:mm:ss a",
    "Enter a time (h:mm:ss a)": "Entre com uma hora (h:mm:ss a)",
    "$locale": {
      "DATETIME_FORMATS": {
        "AMPMS": [
          "AM",
          "PM"
        ],
        "DAY": [
          "domingo",
          "segunda-feira",
          "terça-feira",
          "quarta-feira",
          "quinta-feira",
          "sexta-feira",
          "sábado"
        ],
        "FIRSTDAYOFWEEK": 6,
        "MONTH": [
          "janeiro",
          "fevereiro",
          "março",
          "abril",
          "maio",
          "junho",
          "julho",
          "agosto",
          "setembro",
          "outubro",
          "novembro",
          "dezembro"
        ],
        "SHORTDAY": [
          "dom",
          "seg",
          "ter",
          "qua",
          "qui",
          "sex",
          "sáb"
        ],
        "SHORTMONTH": [
          "jan",
          "fev",
          "mar",
          "abr",
          "mai",
          "jun",
          "jul",
          "ago",
          "set",
          "out",
          "nov",
          "dez"
        ],
        "fullDate": "EEEE, d 'de' MMMM 'de' y",
        "longDate": "d 'de' MMMM 'de' y",
        "medium": "d 'de' MMM 'de' y HH:mm:ss",
        "mediumDate": "d 'de' MMM 'de' y",
        "mediumTime": "HH:mm:ss",
        "short": "dd/MM/yy HH:mm",
        "shortDate": "dd/MM/yy",
        "shortTime": "HH:mm"
      }
    }
  }
}